11,EMPRESAS PÚBLICAS DE MEDELLÍN E.S.P.,79,PORCE3,2,EMGESA S.A. E.S.P.,PD,0,ANTIOQUI,2,BOGOTA,0,735,528,528,528,528,528,528,528,528,528,528,528,528,528,528,528,528,528,528,528,528,528,528,528,528,34846.67,33580.85,18313.47,34793.71,18666,21270.56,25002.31,17651.99,24536.51,34491.71,25518.52,20497.77,23492.78,29423.5,27863.06,27612.95,22623,22071.6,15870.51,18035.04,15900.9,31112.01,17386.73,23887.02
24,GENERAMOS ENERGÍA S.A. E.S.P.,64,MSANTIAGO,2,EMGESA S.A. E.S.P.,PD,0,ANTIOQUI,2,BOGOTA,0,735,2.24,0,0,2.24,0,0,0,2.24,2.24,0,2.24,0,2.24,2.24,2.24,2.24,0,2.24,0,2.24,0,0,2.24,0,59487.87,0,0,63541,0,0,0,73328.51,68658.45,0,80963.5,0,100592.71,67205.43,54594.57,64959.95,0,57695.72,0,60353.52,0,0,81902.89,0
11,EMPRESAS PÚBLICAS DE MEDELLÍN E.S.P.,35,LATASAJERA,2,EMGESA S.A. E.S.P.,PD,0,ANTIOQUI,2,BOGOTA,0,735,244.8,0,0,131.27,0,0,0,244.8,0,244.8,0,244.8,244.8,0,244.8,244.8,0,244.8,0,0,244.8,0,244.8,0,81431.39,0,0,74371.36,0,0,0,60371.32,0,74917.53,0,59206.34,58947.68,0,57336.97,73633.98,0,76983.2,0,0,78804.29,0,58284.09,0
11,EMPRESAS PÚBLICAS DE MEDELLÍN E.S.P.,31,GUATRON,2,EMGESA S.A. E.S.P.,PD,0,ANTIOQUI,2,BOGOTA,0,735,127.28,0,0,0,0,0,0,0,0,0,409.6,0,0,0,0,0,0,0,0,0,0,0,0,409.6,89139.5,0,0,0,0,0,0,0,0,0,92455.97,0,0,0,0,0,0,0,0,0,0,0,0,78301.71
26,TERMOYOPAL GENERACION 2 S.A.S E.S.P.,97,TYOPAL2,2,EMGESA S.A. E.S.P.,PC,14,NORDESTE,2,BOGOTA,0,735,0,24,0,0,0,24,24,24,0,24,24,0,24,24,0,24,24,24,0,24,24,0,0,24,0,75475.96,0,0,0,62091.06,86668.18,80441.06,0,59631.45,83052.17,0,74408.29,52522.15,0,70571.64,76162.59,87174.62,0,75317,73528.72,0,0,76963.59
12,ISAGEN S.A. E.S.P.,86,SANCARLOS,2,EMGESA S.A. E.S.P.,PD,16,SANCARLO,2,BOGOTA,0,735,0,301.59,0,0,0,0,126.46,0,477.36,0,0,0,0,824.95,0,390.32,615.75,0,919.83,0,0,861.7,0,0,0,81837.12,0,0,0,0,95468.8,0,88801.26,0,0,0,0,70631.03,0,74161.46,81558.65,0,78520.22,0,0,72642.33,0,0
2,EMGESA S.A E.S.P,71,PAGUA,2,EMGESA S.A. E.S.P.,PC,15,PAGUA,2,BOGOTA,0,735,0,0,303.2,0,36.51,0,0,0,0,480,278.4,0,39.32,0,418.83,0,0,246.04,0,480,480,0,0,0,0,0,65399.61,0,94478.46,0,0,0,0,66582.38,92837.46,0,105897.41,0,74082.36,0,0,111339.52,0,85862.32,82765.77,0,0,0
11,EMPRESAS PÚBLICAS DE MEDELLÍN E.S.P.,77,PLAYAS,2,EMGESA S.A. E.S.P.,PD,0,ANTIOQUI,2,BOGOTA,0,735,0,0,0,160.8,0,160.8,0,160.8,160.8,0,160.8,0,0,0,160.8,160.8,160.8,160.8,160.8,0,0,0,160.8,0,0,0,0,53694.71,0,70053.74,0,53851.44,80623.74,0,89472.51,0,0,0,71469.14,71541.15,73109.37,60969.96,77700.07,0,0,0,91191.66,0
15,PRESTADORA DE SERVICIOS PÚBLICOS LA CASCADA S.A. E.S.P.,52,MGUANAQUITA,2,EMGESA S.A. E.S.P.,PD,0,ANTIOQUI,2,BOGOTA,0,735,0,0,0,7.6,7.6,0,0,7.6,0,0,7.6,7.6,7.6,0,7.6,0,7.6,7.6,0,7.6,0,0,7.6,0,0,0,0,62141.05,54959.88,0,0,82334.68,0,0,71404.77,64407.31,82060.73,0,57640.93,0,59986.09,62269.82,0,94616.18,0,0,78645.9,0
11,EMPRESAS PÚBLICAS DE MEDELLÍN E.S.P.,78,PORCE2,2,EMGESA S.A. E.S.P.,PD,0,ANTIOQUI,2,BOGOTA,0,735,0,0,0,0,324,0,0,0,0,89.5,0,324,0,0,0,0,0,0,0,324,0,0,0,42.87,0,0,0,0,86682.67,0,0,0,0,79729.96,0,75313.53,0,0,0,0,0,0,0,105197.17,0,0,0,83495.23
11,EMPRESAS PÚBLICAS DE MEDELLÍN E.S.P.,30,GUATAPE,2,EMGESA S.A. E.S.P.,PC,0,ANTIOQUI,2,BOGOTA,0,735,0,0,0,0,0,345.63,448,0,0,0,0,335.8,448,0,0,0,0,0,0,0,0,0,240.44,0,0,0,0,0,0,70444.51,87095.45,0,0,0,0,79089.25,71007.6,0,0,0,0,0,0,0,0,0,93266.44,0
9,TERMOFLORES S.A. E.S.P,25,FLORES3,2,EMGESA S.A. E.S.P.,PD,1,ATLANTIC,2,BOGOTA,0,735,0,0,0,0,0,0,0,135.2,0,0,0,0,0,0,0,0,0,135.2,0,0,0,0,0,0,0,0,0,0,0,0,0,103760.12,0,0,0,0,0,0,0,0,0,105939.27,0,0,0,0,0,0
33,EMPRESA URRÁ S.A. E.S.P.,98,URRA,2,EMGESA S.A. E.S.P.,PD,5,CERROMAT,2,BOGOTA,0,735,0,0,0,0,0,0,0,99.1,0,0,0,0,0,0,0,0,0,0,0,0,0,0,0,0,0,0,0,0,0,0,0,104880,0,0,0,0,0,0,0,0,0,0,0,0,0,0,0,0
12,ISAGEN S.A. E.S.P.,34,JAGUAS,2,EMGESA S.A. E.S.P.,PD,0,ANTIOQUI,2,BOGOTA,0,735,0,0,0,0,0,0,0,0,136,0,0,0,0,0,0,0,0,0,0,0,0,0,0,0,0,0,0,0,0,0,0,0,77667.23,0,0,0,0,0,0,0,0,0,0,0,0,0,0,0
27,GESTIÓN ENERGÉTICA S.A. E.S.P.,75,PAIPA4,2,EMGESA S.A. E.S.P.,PC,14,NORDESTE,2,BOGOTA,0,735,0,0,0,0,0,0,0,0,0,0,0,0,120,0,0,0,0,0,0,0,0,0,0,0,0,0,0,0,0,0,0,0,0,0,0,0,105081.99,0,0,0,0,0,0,0,0,0,0,0
12,ISAGEN S.A. E.S.P.,54,MIEL1,2,EMGESA S.A. E.S.P.,PD,11,LAMIEL,2,BOGOTA,0,735,0,0,0,0,0,0,0,0,0,0,0,0,0,0,0,0,0,0,0,255.63,0,0,0,0,0,0,0,0,0,0,0,0,0,0,0,0,0,0,0,0,0,0,0,115735.05,0,0,0,0
0,EMPRESA DE ENERGÍA DEL PACÍFICO S.A. E.S.P.,0,ALBAN,2,EMGESA S.A. E.S.P.,PD,18,VALLECAU,2,BOGOTA,0,735,0,0,0,0,0,0,0,0,0,0,0,0,0,0,0,0,0,0,0,0,316.7,0,0,0,0,0,0,0,0,0,0,0,0,0,0,0,0,0,0,0,0,0,0,0,95620.29,0,0,0
15,PRESTADORA DE SERVICIOS PÚBLICOS LA CASCADA S.A. E.S.P.,52,MGUANAQUITA,0,EMPRESAS PUBLICAS DE MEDELLIN E.S.P.,PC,0,ANTIOQUI,0,ANTIOQUI,0,735,7.6,0,0,0,0,0,7.6,0,0,7.6,0,0,0,7.6,0,0,0,0,7.6,0,7.6,7.6,0,0,63893.45,0,0,0,0,0,76241.11,0,0,73502.76,0,0,0,82641.93,0,0,0,0,57891.8,0,93023.75,65678.38,0,0
11,EMPRESAS PÚBLICAS DE MEDELLÍN E.S.P.,30,GUATAPE,0,EMPRESAS PUBLICAS DE MEDELLIN E.S.P.,PC,0,ANTIOQUI,0,ANTIOQUI,0,735,448,0,251.79,0,0,102.37,0,0,448,0,448,112.2,0,0,211.82,0,0,0,0,0,376.74,278.13,207.56,0,80687.42,0,73354.4,0,0,74348.09,0,0,85892.13,0,66756.28,98658.12,0,0,92675.55,0,0,0,0,0,116849.12,101797.58,71993.19,0
2,EMGESA S.A E.S.P,71,PAGUA,0,EMPRESAS PUBLICAS DE MEDELLIN E.S.P.,PD,15,PAGUA,0,ANTIOQUI,0,735,16.2,150.34,0,0,54.67,0,0,0,0,0,201.6,480,0,480,61.17,0,0,233.96,27.62,0,0,0,58.71,480,88904.82,80418.84,0,0,98279.73,0,0,0,0,0,96751.87,96416.15,0,97766.79,70032.18,0,0,76787.52,115583.07,0,0,0,81554.44,81474.87
11,EMPRESAS PÚBLICAS DE MEDELLÍN E.S.P.,77,PLAYAS,0,EMPRESAS PUBLICAS DE MEDELLIN E.S.P.,PD,0,ANTIOQUI,0,ANTIOQUI,0,735,0,160.8,160.8,0,160.8,0,0,0,0,160.8,0,0,160.8,160.8,0,0,0,0,0,0,160.8,160.8,0,0,0,55291.89,58027.41,0,62631.08,0,0,0,0,87031.37,0,0,54823.44,55090.2,0,0,0,0,0,0,81575.82,90920.3,0,0
12,ISAGEN S.A. E.S.P.,34,JAGUAS,0,EMPRESAS PUBLICAS DE MEDELLIN E.S.P.,PD,0,ANTIOQUI,0,ANTIOQUI,0,735,0,136,0,0,0,0,0,0,0,136,0,0,0,121.68,136,136,136,0,136,0,0,0,0,0,0,77132.1,0,0,0,0,0,0,0,76555.71,0,0,0,107284.68,75035.88,77609.95,96150.5,0,104587.43,0,0,0,0,0
26,TERMOYOPAL GENERACION 2 S.A.S E.S.P.,97,TYOPAL2,0,EMPRESAS PUBLICAS DE MEDELLIN E.S.P.,PC,14,NORDESTE,0,ANTIOQUI,0,735,0,0,24,0,24,0,0,0,24,0,0,24,0,0,0,0,0,0,24,0,0,24,24,0,0,0,56611.88,0,95170.94,0,0,0,77572.17,0,0,79565.57,0,0,0,0,0,0,75452.95,0,0,64667.83,72281.15,0
12,ISAGEN S.A. E.S.P.,86,SANCARLOS,0,EMPRESAS PUBLICAS DE MEDELLIN E.S.P.,PD,16,SANCARLO,0,ANTIOQUI,0,735,0,0,0,442.47,0,0,617.46,673.12,0,42.14,0,0,0,0,0,0,0,0,72.17,677.89,0,0,0,44.57,0,0,0,66997.41,0,0,87653.02,76680.19,0,96179.33,0,0,0,0,0,0,0,0,71462.21,82650.35,0,0,0,84608.17
24,GENERAMOS ENERGÍA S.A. E.S.P.,64,MSANTIAGO,0,EMPRESAS PUBLICAS DE MEDELLIN E.S.P.,PC,0,ANTIOQUI,0,ANTIOQUI,0,735,0,0,0,0,2.24,2.24,0,0,0,2.24,0,2.24,0,0,0,0,2.24,0,2.24,0,2.24,2.24,0,0,0,0,0,0,57164.04,72566.7,0,0,0,66437.33,0,85085.24,0,0,0,0,109635.47,0,78293.88,0,82787.53,93393.94,0,0
11,EMPRESAS PÚBLICAS DE MEDELLÍN E.S.P.,35,LATASAJERA,0,EMPRESAS PUBLICAS DE MEDELLIN E.S.P.,PD,0,ANTIOQUI,0,ANTIOQUI,0,735,0,0,0,0,244.8,244.8,0,0,244.8,0,142.85,0,0,0,0,0,244.8,0,244.8,244.8,0,244.8,0,0,0,0,0,0,65373.19,80121.36,0,0,88209.14,0,117023.09,0,0,0,0,0,59295.41,0,101373.43,65909.11,0,87241.27,0,0
11,EMPRESAS PÚBLICAS DE MEDELLÍN E.S.P.,31,GUATRON,0,EMPRESAS PUBLICAS DE MEDELLIN E.S.P.,PC,0,ANTIOQUI,0,ANTIOQUI,0,735,0,0,0,0,0,219.51,0,0,0,409.6,0,0,0,0,0,0,40.6,0,409.6,0,0,0,0,0,0,0,0,0,0,81938.19,0,0,0,94591.74,0,0,0,0,0,0,121481.71,0,105808.83,0,0,0,0,0
27,GESTIÓN ENERGÉTICA S.A. E.S.P.,75,PAIPA4,0,EMPRESAS PUBLICAS DE MEDELLIN E.S.P.,PD,14,NORDESTE,0,ANTIOQUI,0,735,0,0,0,0,0,0,0,0,5.21,0,0,0,0,0,0,0,0,0,0,0,0,0,0,0,0,0,0,0,0,0,0,0,96524.34,0,0,0,0,0,0,0,0,0,0,0,0,0,0,0
2,EMGESA S.A E.S.P,32,GUAVIO,0,EMPRESAS PUBLICAS DE MEDELLIN E.S.P.,PD,2,BOGOTA,0,ANTIOQUI,0,735,0,0,0,0,0,0,0,0,0,0,0,195.46,0,0,0,0,0,0,0,0,0,0,0,0,0,0,0,0,0,0,0,0,0,0,0,104021.84,0,0,0,0,0,0,0,0,0,0,0,0
9,TERMOFLORES S.A. E.S.P,25,FLORES3,0,EMPRESAS PUBLICAS DE MEDELLIN E.S.P.,PD,1,ATLANTIC,0,ANTIOQUI,0,735,0,0,0,0,0,0,0,0,0,0,0,0,135.2,0,0,135.2,0,0,0,0,0,0,0,0,0,0,0,0,0,0,0,0,0,0,0,0,105734.39,0,0,93965.83,0,0,0,0,0,0,0,0
12,ISAGEN S.A. E.S.P.,54,MIEL1,0,EMPRESAS PUBLICAS DE MEDELLIN E.S.P.,PD,11,LAMIEL,0,ANTIOQUI,0,735,0,0,0,0,0,0,0,0,0,0,0,0,316.8,0,0,0,316.8,0,0,0,0,0,0,0,0,0,0,0,0,0,0,0,0,0,0,0,109403.17,0,0,0,117677.3,0,0,0,0,0,0,0
33,EMPRESA URRÁ S.A. E.S.P.,98,URRA,0,EMPRESAS PUBLICAS DE MEDELLIN E.S.P.,PD,5,CERROMAT,0,ANTIOQUI,0,735,0,0,0,0,0,0,0,0,0,0,0,0,186.86,0,0,146.14,0,185.19,0,0,0,0,0,0,0,0,0,0,0,0,0,0,0,0,0,0,112309.46,0,0,101231.39,0,97071.64,0,0,0,0,0,0
0,EMPRESA DE ENERGÍA DEL PACÍFICO S.A. E.S.P.,0,ALBAN,0,EMPRESAS PUBLICAS DE MEDELLIN E.S.P.,PD,18,VALLECAU,0,ANTIOQUI,0,735,0,0,0,0,0,0,0,0,0,0,0,0,0,0,343.2,0,0,343.2,0,0,0,0,0,0,0,0,0,0,0,0,0,0,0,0,0,0,0,0,91080.33,0,0,96519.03,0,0,0,0,0,0
11,EMPRESAS PÚBLICAS DE MEDELLÍN E.S.P.,78,PORCE2,0,EMPRESAS PUBLICAS DE MEDELLIN E.S.P.,PC,0,ANTIOQUI,0,ANTIOQUI,0,735,0,0,0,0,0,0,0,0,0,0,0,0,0,0,0,324,0,0,0,0,324,0,324,0,0,0,0,0,0,0,0,0,0,0,0,0,0,0,0,83472.13,0,0,0,0,106852.63,0,78474.88,0
19,ENERMONT S.A . E.S.P.,48,MCURRUCU,0,EMPRESAS PUBLICAS DE MEDELLIN E.S.P.,PD,17,TOLIMA,0,ANTIOQUI,0,735,0,0,0,0,0,0,0,0,0,0,0,0,0,0,0,0,0,0,0,0,1,0,0,0,0,0,0,0,0,0,0,0,0,0,0,0,0,0,0,0,0,0,0,0,116618.1,0,0,0
12,ISAGEN S.A. E.S.P.,86,SANCARLOS,14,ISAGEN S.A. E.S.P.,PD,16,SANCARLO,14,NORDESTE,0,735,529.16,0,0,0,101.65,344.49,0,0,121.26,0,655.03,168.45,649.17,167.05,83.22,601.68,0,686.72,0,0,0,0,0,6.15,71094.35,0,0,0,85601.44,93349.71,0,0,102427.75,0,70481.12,105214.05,94730.63,73105.34,114966.14,73389.77,0,80102.49,0,0,0,0,0,103640.06
24,GENERAMOS ENERGÍA S.A. E.S.P.,64,MSANTIAGO,14,ISAGEN S.A. E.S.P.,PC,0,ANTIOQUI,14,NORDESTE,0,735,0,2.24,2.24,0,0,0,2.24,0,0,0,0,0,0,0,0,0,0,0,0,0,0,0,0,2.24,0,55093.04,65550.88,0,0,0,64518.15,0,0,0,0,0,0,0,0,0,0,0,0,0,0,0,0,60739.14
15,PRESTADORA DE SERVICIOS PÚBLICOS LA CASCADA S.A. E.S.P.,52,MGUANAQUITA,14,ISAGEN S.A. E.S.P.,PC,0,ANTIOQUI,14,NORDESTE,0,735,0,7.6,7.6,0,0,0,0,0,7.6,0,0,0,0,0,0,7.6,0,0,0,0,0,0,0,7.6,0,71112.43,55050.32,0,0,0,0,0,67606.42,0,0,0,0,0,0,76577.33,0,0,0,0,0,0,0,87797.6
11,EMPRESAS PÚBLICAS DE MEDELLÍN E.S.P.,30,GUATAPE,14,ISAGEN S.A. E.S.P.,PD,0,ANTIOQUI,14,NORDESTE,0,735,0,448,87.42,448,0,0,0,0,0,448,0,0,0,242.37,236.18,0,0,0,448,448,0,0,0,0,0,72074.66,89086.96,72208.8,0,0,0,0,0,65468.4,0,0,0,82522.17,114768.19,0,0,0,68287.23,75050.2,0,0,0,0
11,EMPRESAS PÚBLICAS DE MEDELLÍN E.S.P.,35,LATASAJERA,14,ISAGEN S.A. E.S.P.,PC,0,ANTIOQUI,14,NORDESTE,0,735,0,58.31,0,30.13,0,0,0,0,0,0,0,0,0,244.8,0,0,0,0,0,0,0,0,0,244.8,0,83748.25,0,84056.89,0,0,0,0,0,0,0,0,0,60222.12,0,0,0,0,0,0,0,0,0,73483.77
11,EMPRESAS PÚBLICAS DE MEDELLÍN E.S.P.,31,GUATRON,14,ISAGEN S.A. E.S.P.,PC,0,ANTIOQUI,14,NORDESTE,0,735,0,0,409.6,0,409.6,190.09,0,0,0,0,0,0,0,0,0,58.15,0,0,0,351.47,282.85,0,409.6,0,0,0,88476.36,0,82248.13,81020.38,0,0,0,0,0,0,0,0,0,86421.52,0,0,0,100784.98,117543.27,0,91664.17,0
26,TERMOYOPAL GENERACION 2 S.A.S E.S.P.,97,TYOPAL2,14,ISAGEN S.A. E.S.P.,PD,14,NORDESTE,14,NORDESTE,0,735,0,0,0,24,0,0,0,0,0,0,0,0,0,0,24,0,0,0,0,0,0,0,0,0,0,0,0,82702.03,0,0,0,0,0,0,0,0,0,0,60653.34,0,0,0,0,0,0,0,0,0
11,EMPRESAS PÚBLICAS DE MEDELLÍN E.S.P.,77,PLAYAS,14,ISAGEN S.A. E.S.P.,PD,0,ANTIOQUI,14,NORDESTE,0,735,0,0,0,0,0,0,160.8,0,0,0,0,160.8,0,0,0,0,0,0,0,0,0,0,0,160.8,0,0,0,0,0,0,58890.98,0,0,0,0,59244.49,0,0,0,0,0,0,0,0,0,0,0,79152.88
0,EMPRESA DE ENERGÍA DEL PACÍFICO S.A. E.S.P.,0,ALBAN,14,ISAGEN S.A. E.S.P.,PD,18,VALLECAU,14,NORDESTE,0,735,0,0,0,0,0,0,343.2,0,0,0,0,343.2,0,0,0,0,0,0,0,0,26.5,0,0,0,0,0,0,0,0,0,89702.44,0,0,0,0,102235.16,0,0,0,0,0,0,0,0,114354.54,0,0,0
9,TERMOFLORES S.A. E.S.P,25,FLORES3,14,ISAGEN S.A. E.S.P.,PC,1,ATLANTIC,14,NORDESTE,0,735,0,0,0,0,0,0,31.98,0,0,0,0,0,0,0,0,0,0,0,0,0,0,0,135.2,0,0,0,0,0,0,0,108297.12,0,0,0,0,0,0,0,0,0,0,0,0,0,0,0,95105.61,0
2,EMGESA S.A E.S.P,71,PAGUA,14,ISAGEN S.A. E.S.P.,PD,15,PAGUA,14,NORDESTE,0,735,0,0,0,0,0,0,0,480,480,0,0,0,0,0,0,0,480,0,348.89,0,0,480,0,0,0,0,0,0,0,0,0,67603.41,93990.73,0,0,0,0,0,0,0,73218.09,0,80374.32,0,0,78451.64,0,0
33,EMPRESA URRÁ S.A. E.S.P.,98,URRA,14,ISAGEN S.A. E.S.P.,PD,5,CERROMAT,14,NORDESTE,0,735,0,0,0,0,0,0,0,88.28,0,0,0,0,0,0,0,0,0,0,0,0,0,0,0,0,0,0,0,0,0,0,0,86100.45,0,0,0,0,0,0,0,0,0,0,0,0,0,0,0,0
11,EMPRESAS PÚBLICAS DE MEDELLÍN E.S.P.,78,PORCE2,14,ISAGEN S.A. E.S.P.,PD,0,ANTIOQUI,14,NORDESTE,0,735,0,0,0,0,0,0,0,0,0,184.71,0,0,0,0,324,0,184.44,0,0,0,0,220.42,0,0,0,0,0,0,0,0,0,0,0,78232.12,0,0,0,0,103591.37,0,82841.34,0,0,0,0,91630.34,0,0
27,GESTIÓN ENERGÉTICA S.A. E.S.P.,75,PAIPA4,14,ISAGEN S.A. E.S.P.,PD,14,NORDESTE,14,NORDESTE,0,735,0,0,0,0,0,0,0,0,0,0,0,0,0,0,0,0,0,0,0,0,120,0,92.66,0,0,0,0,0,0,0,0,0,0,0,0,0,0,0,0,0,0,0,0,0,95576.07,0,99593.47,0
12,ISAGEN S.A. E.S.P.,54,MIEL1,14,ISAGEN S.A. E.S.P.,PC,11,LAMIEL,14,NORDESTE,0,735,0,0,0,0,0,0,0,0,0,0,0,0,0,0,0,0,0,0,0,0,316.8,0,0,0,0,0,0,0,0,0,0,0,0,0,0,0,0,0,0,0,0,0,0,0,114009.19,0,0,0
27,GESTIÓN ENERGÉTICA S.A. E.S.P.,72,PAIPA1,14,ISAGEN S.A. E.S.P.,PD,14,NORDESTE,14,NORDESTE,0,735,0,0,0,0,0,0,0,0,0,0,0,0,0,0,0,0,0,0,0,0,24.8,0,0,0,0,0,0,0,0,0,0,0,0,0,0,0,0,0,0,0,0,0,0,0,116766.99,0,0,0
12,ISAGEN S.A. E.S.P.,34,JAGUAS,14,ISAGEN S.A. E.S.P.,PC,0,ANTIOQUI,14,NORDESTE,0,735,0,0,0,0,0,0,0,0,0,0,0,0,0,0,0,0,0,0,0,0,0,0,0,136,0,0,0,0,0,0,0,0,0,0,0,0,0,0,0,0,0,0,0,0,0,0,0,83964.38
12,ISAGEN S.A. E.S.P.,86,SANCARLOS,18,ISAGEN S.A. E.S.P.,PD,16,SANCARLO,18,VALLECAU,0,735,453.99,0,299.62,331.69,0,0,0,0,247.16,609.51,336.97,670.45,0,0,234.49,0,376.25,0,0,314.11,734.88,0,0,504.3,76794.57,0,108915.59,86752.81,0,0,0,0,110433.62,73773.38,71437.49,105106.11,0,0,140115,0,72742.75,0,0,99009.81,97193.63,0,0,109301.27
11,EMPRESAS PÚBLICAS DE MEDELLÍN E.S.P.,31,GUATRON,18,ISAGEN S.A. E.S.P.,PC,0,ANTIOQUI,18,VALLECAU,0,735,0,409.6,0,0,0,0,106.76,0,0,0,0,0,0,0,409.6,0,261.81,409.6,0,58.13,0,409.6,0,0,0,86121.96,0,0,0,0,102446.57,0,0,0,0,0,0,0,101324.96,0,106090.33,88868.4,0,75720.18,0,76777.67,0,0
11,EMPRESAS PÚBLICAS DE MEDELLÍN E.S.P.,35,LATASAJERA,18,ISAGEN S.A. E.S.P.,PC,0,ANTIOQUI,18,VALLECAU,0,735,0,21.5,0,83.4,0,0,244.8,0,0,0,101.95,0,0,0,0,0,0,0,0,0,0,0,0,0,0,86436.29,0,83721.54,0,0,65741.29,0,0,0,69849.22,0,0,0,0,0,0,0,0,0,0,0,0,0
27,GESTIÓN ENERGÉTICA S.A. E.S.P.,75,PAIPA4,18,ISAGEN S.A. E.S.P.,PC,14,NORDESTE,18,VALLECAU,0,735,0,0,120,0,0,0,120,0,0,0,0,0,0,0,0,70.57,0,0,0,0,0,0,25.88,0,0,0,98550.49,0,0,0,98053.35,0,0,0,0,0,0,0,0,106263.43,0,0,0,0,0,0,105744.86,0
12,ISAGEN S.A. E.S.P.,34,JAGUAS,18,ISAGEN S.A. E.S.P.,PD,0,ANTIOQUI,18,VALLECAU,0,735,0,0,0,0,136,136,0,66.54,0,0,0,0,0,0,0,0,0,0,0,0,0,0,136,0,0,0,0,0,101169.52,88450.89,0,89292.78,0,0,0,0,0,0,0,0,0,0,0,0,0,0,73465.66,0
11,EMPRESAS PÚBLICAS DE MEDELLÍN E.S.P.,30,GUATAPE,18,ISAGEN S.A. E.S.P.,PC,0,ANTIOQUI,18,VALLECAU,0,735,0,0,0,0,288.47,0,0,448,0,0,0,0,0,0,0,448,0,0,0,0,0,143.02,0,0,0,0,0,0,101250.9,0,0,84871.71,0,0,0,0,0,0,0,80468.18,0,0,0,0,0,105693.69,0,0
15,PRESTADORA DE SERVICIOS PÚBLICOS LA CASCADA S.A. E.S.P.,52,MGUANAQUITA,18,ISAGEN S.A. E.S.P.,PD,0,ANTIOQUI,18,VALLECAU,0,735,0,0,0,0,0,7.6,0,0,0,0,0,0,0,0,0,0,0,0,0,0,0,0,0,0,0,0,0,0,0,96532.52,0,0,0,0,0,0,0,0,0,0,0,0,0,0,0,0,0,0
0,EMPRESA DE ENERGÍA DEL PACÍFICO S.A. E.S.P.,0,ALBAN,18,ISAGEN S.A. E.S.P.,PD,18,VALLECAU,18,VALLECAU,0,735,0,0,0,0,0,312.08,0,0,0,0,0,0,0,320,0,0,0,0,0,0,0,0,0,0,0,0,0,0,0,97700.42,0,0,0,0,0,0,0,110856.61,0,0,0,0,0,0,0,0,0,0
11,EMPRESAS PÚBLICAS DE MEDELLÍN E.S.P.,78,PORCE2,18,ISAGEN S.A. E.S.P.,PD,0,ANTIOQUI,18,VALLECAU,0,735,0,0,0,0,0,0,0,0,324,0,206.77,0,213.59,324,0,0,0,223.58,324,0,0,103.58,0,0,0,0,0,0,0,0,0,0,78202.9,0,78276.09,0,122383.99,110409.04,0,0,0,103512.64,90154.78,0,0,86955.02,0,0
2,EMGESA S.A E.S.P,71,PAGUA,18,ISAGEN S.A. E.S.P.,PC,15,PAGUA,18,VALLECAU,0,735,0,0,0,0,0,0,0,0,0,0,0,0,440.68,0,0,0,0,0,103.5,0,0,0,421.29,0,0,0,0,0,0,0,0,0,0,0,0,0,94714.78,0,0,0,0,0,124803.67,0,0,0,94445.18,0
19,ENERMONT S.A . E.S.P.,48,MCURRUCU,18,ISAGEN S.A. E.S.P.,PD,17,TOLIMA,18,VALLECAU,0,735,0,0,0,0,0,0,0,0,0,0,0,0,0,0,1,0,0,0,0,0,0,0,0,0,0,0,0,0,0,0,0,0,0,0,0,0,0,0,122981.65,0,0,0,0,0,0,0,0,0
33,EMPRESA URRÁ S.A. E.S.P.,98,URRA,18,ISAGEN S.A. E.S.P.,PC,5,CERROMAT,18,VALLECAU,0,735,0,0,0,0,0,0,0,0,0,0,0,0,0,0,0,124.26,0,0,0,229.05,0,0,0,0,0,0,0,0,0,0,0,0,0,0,0,0,0,0,0,103676.51,0,0,0,106051.31,0,0,0,0
27,GESTIÓN ENERGÉTICA S.A. E.S.P.,73,PAIPA2,18,ISAGEN S.A. E.S.P.,PD,14,NORDESTE,18,VALLECAU,0,735,0,0,0,0,0,0,0,0,0,0,0,0,0,0,0,0,0,0,56,0,0,0,0,0,0,0,0,0,0,0,0,0,0,0,0,0,0,0,0,0,0,0,141704.36,0,0,0,0,0
2,EMGESA S.A E.S.P,32,GUAVIO,18,ISAGEN S.A. E.S.P.,PC,2,BOGOTA,18,VALLECAU,0,735,0,0,0,0,0,0,0,0,0,0,0,0,0,0,0,0,0,0,266.45,0,0,0,0,0,0,0,0,0,0,0,0,0,0,0,0,0,0,0,0,0,0,0,143035.92,0,0,0,0,0
11,EMPRESAS PÚBLICAS DE MEDELLÍN E.S.P.,77,PLAYAS,18,ISAGEN S.A. E.S.P.,PD,0,ANTIOQUI,18,VALLECAU,0,735,0,0,0,0,0,0,0,0,0,0,0,0,0,0,0,0,0,0,0,160.8,0,0,0,0,0,0,0,0,0,0,0,0,0,0,0,0,0,0,0,0,0,0,0,103254.9,0,0,0,0
11,EMPRESAS PÚBLICAS DE MEDELLÍN E.S.P.,77,PLAYAS,1,ENERGIA EMPRESARIAL DE LA COSTA S.A. E.S.P.,PC,0,ANTIOQUI,1,ATLANTIC,0,735,160.8,0,0,0,0,0,0,0,0,0,0,0,0,0,0,0,0,0,0,0,0,0,0,0,56049.6,0,0,0,0,0,0,0,0,0,0,0,0,0,0,0,0,0,0,0,0,0,0,0
2,EMGESA S.A E.S.P,71,PAGUA,1,ENERGIA EMPRESARIAL DE LA COSTA S.A. E.S.P.,PC,15,PAGUA,1,ATLANTIC,0,735,192.6,0,0,326.06,0,3.94,71.72,0,0,0,0,0,0,0,0,0,0,0,0,0,0,0,0,0,72187.54,0,0,78545.07,0,86940.45,87474.53,0,0,0,0,0,0,0,0,0,0,0,0,0,0,0,0,0
11,EMPRESAS PÚBLICAS DE MEDELLÍN E.S.P.,35,LATASAJERA,1,ENERGIA EMPRESARIAL DE LA COSTA S.A. E.S.P.,PC,0,ANTIOQUI,1,ATLANTIC,0,735,0,164.98,0,0,0,0,0,0,0,0,0,0,0,0,0,0,0,0,0,0,0,0,0,0,0,81067.44,0,0,0,0,0,0,0,0,0,0,0,0,0,0,0,0,0,0,0,0,0,0
33,EMPRESA URRÁ S.A. E.S.P.,98,URRA,1,ENERGIA EMPRESARIAL DE LA COSTA S.A. E.S.P.,PC,5,CERROMAT,1,ATLANTIC,0,735,0,176.26,0,0,0,0,0,0,0,40.43,0,0,0,0,270.4,0,270.4,0,0,0,164.4,0,0,0,0,93869.88,0,0,0,0,0,0,0,86741.62,0,0,0,0,95276.38,0,87719.53,0,0,0,118503.61,0,0,0
11,EMPRESAS PÚBLICAS DE MEDELLÍN E.S.P.,30,GUATAPE,1,ENERGIA EMPRESARIAL DE LA COSTA S.A. E.S.P.,PC,0,ANTIOQUI,1,ATLANTIC,0,735,0,0,108.79,0,159.53,0,0,0,0,0,0,0,0,0,0,0,0,86.5,0,0,0,0,0,0,0,0,80365.99,0,94207.22,0,0,0,0,0,0,0,0,0,0,0,0,87393.07,0,0,0,0,0,0
11,EMPRESAS PÚBLICAS DE MEDELLÍN E.S.P.,78,PORCE2,1,ENERGIA EMPRESARIAL DE LA COSTA S.A. E.S.P.,PC,0,ANTIOQUI,1,ATLANTIC,0,735,0,0,223.26,0,0,324,0,0,0,0,117.23,0,0,0,0,0,0,0,0,0,0,0,0,0,0,0,83035.98,0,0,81536.78,0,0,0,0,84055.24,0,0,0,0,0,0,0,0,0,0,0,0,0
27,GESTIÓN ENERGÉTICA S.A. E.S.P.,75,PAIPA4,1,ENERGIA EMPRESARIAL DE LA COSTA S.A. E.S.P.,PD,14,NORDESTE,1,ATLANTIC,0,735,0,0,0,0,120,0,0,0,0,0,0,107.89,0,0,0,0,0,0,117.47,0,0,0,0,0,0,0,0,0,101805.47,0,0,0,0,0,0,99728.02,0,0,0,0,0,0,112180.81,0,0,0,0,0
12,ISAGEN S.A. E.S.P.,86,SANCARLOS,1,ENERGIA EMPRESARIAL DE LA COSTA S.A. E.S.P.,PC,16,SANCARLO,1,ATLANTIC,0,735,0,0,0,0,45.85,0,248.08,0,23.36,340.35,0,153.1,342.83,0,0,0,0,305.28,0,0,0,0,405.22,376.56,0,0,0,0,108358.92,0,79441.73,0,103409.81,80653.94,0,76462.5,81109.29,0,0,0,0,84614.36,0,0,0,0,85435.39,80914.63
11,EMPRESAS PÚBLICAS DE MEDELLÍN E.S.P.,31,GUATRON,1,ENERGIA EMPRESARIAL DE LA COSTA S.A. E.S.P.,PC,0,ANTIOQUI,1,ATLANTIC,0,735,0,0,0,0,0,0,0,335.96,0,0,0,0,43.02,389.9,0,56.61,0,0,0,0,0,0,0,0,0,0,0,0,0,0,0,116892.28,0,0,0,0,99312.11,77124.17,0,89666.28,0,0,0,0,0,0,0,0
0,EMPRESA DE ENERGÍA DEL PACÍFICO S.A. E.S.P.,0,ALBAN,1,ENERGIA EMPRESARIAL DE LA COSTA S.A. E.S.P.,PC,18,VALLECAU,1,ATLANTIC,0,735,0,0,0,0,0,0,0,0,343.2,0,137.72,0,0,0,0,343.2,124.17,0,0,0,0,0,0,0,0,0,0,0,0,0,0,0,95754.51,0,109195.43,0,0,0,0,89491.62,102902.31,0,0,0,0,0,0,0
12,ISAGEN S.A. E.S.P.,34,JAGUAS,1,ENERGIA EMPRESARIAL DE LA COSTA S.A. E.S.P.,PD,0,ANTIOQUI,1,ATLANTIC,0,735,0,0,0,0,0,0,0,0,0,0,136,136,0,0,0,0,0,0,0,136,136,0,0,0,0,0,0,0,0,0,0,0,0,0,102671.13,88687.36,0,0,0,0,0,0,0,77665.23,99666.13,0,0,0
12,ISAGEN S.A. E.S.P.,54,MIEL1,1,ENERGIA EMPRESARIAL DE LA COSTA S.A. E.S.P.,PC,11,LAMIEL,1,ATLANTIC,0,735,0,0,0,0,0,0,0,0,0,0,0,0,0,0,129.22,0,0,0,316.8,61.17,0,0,0,0,0,0,0,0,0,0,0,0,0,0,0,0,0,0,112103.78,0,0,0,111400.03,116650.24,0,0,0,0
9,TERMOFLORES S.A. E.S.P,25,FLORES3,1,ENERGIA EMPRESARIAL DE LA COSTA S.A. E.S.P.,PD,1,ATLANTIC,1,ATLANTIC,0,735,0,0,0,0,0,0,0,0,0,0,0,0,0,0,0,0,0,0,0,135.2,135.2,0,0,0,0,0,0,0,0,0,0,0,0,0,0,0,0,0,0,0,0,0,0,100222.85,114983.18,0,0,0
2,EMGESA S.A E.S.P,102,ZIPAEMG4,1,ENERGIA EMPRESARIAL DE LA COSTA S.A. E.S.P.,PC,2,BOGOTA,1,ATLANTIC,0,735,0,0,0,0,0,0,0,0,0,0,0,0,0,0,0,0,0,0,0,51.2,0,0,0,0,0,0,0,0,0,0,0,0,0,0,0,0,0,0,0,0,0,0,0,130465.75,0,0,0,0
2,EMGESA S.A E.S.P,32,GUAVIO,1,ENERGIA EMPRESARIAL DE LA COSTA S.A. E.S.P.,PC,2,BOGOTA,1,ATLANTIC,0,735,0,0,0,0,0,0,0,0,0,0,0,0,0,0,0,0,0,0,0,54.05,0,424.59,0,0,0,0,0,0,0,0,0,0,0,0,0,0,0,0,0,0,0,0,0,135819.29,0,111613.9,0,0
26,TERMOYOPAL GENERACION 2 S.A.S E.S.P.,97,TYOPAL2,9,GENERADORA Y COMERCIALIZADORA DE ENERGIA DEL CARIBE S.A. E.S.P.,PC,14,NORDESTE,9,GCM,0,735,24,0,0,0,0,0,0,0,0,0,0,0,0,0,0,0,0,0,0,0,0,0,0,0,67500.44,0,0,0,0,0,0,0,0,0,0,0,0,0,0,0,0,0,0,0,0,0,0,0
11,EMPRESAS PÚBLICAS DE MEDELLÍN E.S.P.,78,PORCE2,9,GENERADORA Y COMERCIALIZADORA DE ENERGIA DEL CARIBE S.A. E.S.P.,PD,0,ANTIOQUI,9,GCM,0,735,274.97,0,0,59.49,0,0,255.17,0,0,0,0,0,110.41,0,0,0,139.56,0,0,0,0,0,0,0,93373.38,0,0,81197.06,0,0,78110.29,0,0,0,0,0,78154.96,0,0,0,76492.81,0,0,0,0,0,0,0
2,EMGESA S.A E.S.P,71,PAGUA,9,GENERADORA Y COMERCIALIZADORA DE ENERGIA DEL CARIBE S.A. E.S.P.,PD,15,PAGUA,9,GCM,0,735,0,288.52,0,0,0,0,0,0,0,0,0,0,0,0,0,0,0,0,0,0,0,0,0,0,0,95152.51,0,0,0,0,0,0,0,0,0,0,0,0,0,0,0,0,0,0,0,0,0,0
11,EMPRESAS PÚBLICAS DE MEDELLÍN E.S.P.,35,LATASAJERA,9,GENERADORA Y COMERCIALIZADORA DE ENERGIA DEL CARIBE S.A. E.S.P.,PC,0,ANTIOQUI,9,GCM,0,735,0,0,244.8,0,0,0,0,0,0,0,0,0,0,0,0,0,0,0,0,0,0,0,0,0,0,0,98325.67,0,0,0,0,0,0,0,0,0,0,0,0,0,0,0,0,0,0,0,0,0
2,EMGESA S.A E.S.P,32,GUAVIO,9,GENERADORA Y COMERCIALIZADORA DE ENERGIA DEL CARIBE S.A. E.S.P.,PC,2,BOGOTA,9,GCM,0,735,0,0,36.58,0,0,0,0,0,0,0,286.93,0,184.6,0,0,17.78,0,0,23.58,25.52,56.78,0,0,0,0,0,100960.93,0,0,0,0,0,0,0,94132.27,0,110922.62,0,0,101612.63,0,0,132462.22,167133.69,95029.35,0,0,0
12,ISAGEN S.A. E.S.P.,86,SANCARLOS,9,GENERADORA Y COMERCIALIZADORA DE ENERGIA DEL CARIBE S.A. E.S.P.,PD,16,SANCARLO,9,GCM,0,735,0,0,0,217.84,275.55,271.65,0,255.93,122.85,0,0,0,0,0,98.62,0,0,0,0,0,257.12,0,10.24,0,0,0,0,74290.71,65700.42,85023.44,0,68853.51,90788.94,0,0,0,0,0,145017.19,0,0,0,0,0,92626.84,0,125199.76,0
19,ENERMONT S.A . E.S.P.,48,MCURRUCU,9,GENERADORA Y COMERCIALIZADORA DE ENERGIA DEL CARIBE S.A. E.S.P.,PC,17,TOLIMA,9,GCM,0,735,0,0,0,0,0,0,0,0,1,0,0,0,0,0,0,0,0,0,0,0,0,0,0,0,0,0,0,0,0,0,0,0,133002.77,0,0,0,0,0,0,0,0,0,0,0,0,0,0,0
11,EMPRESAS PÚBLICAS DE MEDELLÍN E.S.P.,31,GUATRON,9,GENERADORA Y COMERCIALIZADORA DE ENERGIA DEL CARIBE S.A. E.S.P.,PD,0,ANTIOQUI,9,GCM,0,735,0,0,0,0,0,0,0,0,141.92,0,0,287.12,0,19.7,0,294.84,107.18,0,0,0,0,0,0,0,0,0,0,0,0,0,0,0,135265.04,0,0,101140.47,0,89263.15,0,87766.86,113280.44,0,0,0,0,0,0,0
0,EMPRESA DE ENERGÍA DEL PACÍFICO S.A. E.S.P.,0,ALBAN,9,GENERADORA Y COMERCIALIZADORA DE ENERGIA DEL CARIBE S.A. E.S.P.,PD,18,VALLECAU,9,GCM,0,735,0,0,0,0,0,0,0,0,0,274.13,0,0,0,0,0,0,0,0,343.2,0,0,90.02,343.2,0,0,0,0,0,0,0,0,0,0,89547.82,0,0,0,0,0,0,0,0,105626.08,0,0,114212.94,108112.08,0
27,GESTIÓN ENERGÉTICA S.A. E.S.P.,75,PAIPA4,9,GENERADORA Y COMERCIALIZADORA DE ENERGIA DEL CARIBE S.A. E.S.P.,PC,14,NORDESTE,9,GCM,0,735,0,0,0,0,0,0,0,0,0,0,0,12.11,0,0,0,0,0,0,2.53,120,0,120,0,0,0,0,0,0,0,0,0,0,0,0,0,95739.68,0,0,0,0,0,0,102416.21,102589.07,0,105768.82,0,0
33,EMPRESA URRÁ S.A. E.S.P.,98,URRA,9,GENERADORA Y COMERCIALIZADORA DE ENERGIA DEL CARIBE S.A. E.S.P.,PC,5,CERROMAT,9,GCM,0,735,0,0,0,0,0,0,0,0,0,0,0,0,0,270.4,0,0,0,0,0,41.35,0,0,0,0,0,0,0,0,0,0,0,0,0,0,0,0,0,92559.22,0,0,0,0,0,85522.98,0,0,0,0
11,EMPRESAS PÚBLICAS DE MEDELLÍN E.S.P.,30,GUATAPE,9,GENERADORA Y COMERCIALIZADORA DE ENERGIA DEL CARIBE S.A. E.S.P.,PD,0,ANTIOQUI,9,GCM,0,735,0,0,0,0,0,0,0,0,0,0,0,0,0,11.95,0,0,8.53,310.02,0,0,71.26,26.84,0,317.73,0,0,0,0,0,0,0,0,0,0,0,0,0,95304.48,0,0,123301.76,114501.35,0,0,74632.05,104075.54,0,67355.2
9,TERMOFLORES S.A. E.S.P,25,FLORES3,9,GENERADORA Y COMERCIALIZADORA DE ENERGIA DEL CARIBE S.A. E.S.P.,PC,1,ATLANTIC,9,GCM,0,735,0,0,0,0,0,0,0,0,0,0,0,0,0,0,135.2,0,0,0,0,0,0,135.2,0,0,0,0,0,0,0,0,0,0,0,0,0,0,0,0,107319.63,0,0,0,0,0,0,94516.07,0,0
2,EMGESA S.A E.S.P,100,ZIPAEMG2,9,GENERADORA Y COMERCIALIZADORA DE ENERGIA DEL CARIBE S.A. E.S.P.,PC,2,BOGOTA,9,GCM,0,735,0,0,0,0,0,0,0,0,0,0,0,0,0,0,27.2,0,0,0,0,0,0,0,0,0,0,0,0,0,0,0,0,0,0,0,0,0,0,0,133369.82,0,0,0,0,0,0,0,0,0
2,EMGESA S.A E.S.P,102,ZIPAEMG4,9,GENERADORA Y COMERCIALIZADORA DE ENERGIA DEL CARIBE S.A. E.S.P.,PD,2,BOGOTA,9,GCM,0,735,0,0,0,0,0,0,0,0,0,0,0,0,0,0,51.2,0,0,0,0,0,0,0,0,0,0,0,0,0,0,0,0,0,0,0,0,0,0,0,135027.36,0,0,0,0,0,0,0,0,0
2,EMGESA S.A E.S.P,101,ZIPAEMG3,9,GENERADORA Y COMERCIALIZADORA DE ENERGIA DEL CARIBE S.A. E.S.P.,PD,2,BOGOTA,9,GCM,0,735,0,0,0,0,0,0,0,0,0,0,0,0,0,0,0,0,50.4,0,0,0,0,0,0,0,0,0,0,0,0,0,0,0,0,0,0,0,0,0,0,0,118082.99,0,0,0,0,0,0,0
2,EMGESA S.A E.S.P,103,ZIPAEMG5,9,GENERADORA Y COMERCIALIZADORA DE ENERGIA DEL CARIBE S.A. E.S.P.,PC,2,BOGOTA,9,GCM,0,735,0,0,0,0,0,0,0,0,0,0,0,0,0,0,0,0,0,0,0,51.2,0,0,0,0,0,0,0,0,0,0,0,0,0,0,0,0,0,0,0,0,0,0,0,141842.35,0,0,0,0
9,TERMOFLORES S.A. E.S.P,23,FLORES1,9,GENERADORA Y COMERCIALIZADORA DE ENERGIA DEL CARIBE S.A. E.S.P.,PD,1,ATLANTIC,9,GCM,0,735,0,0,0,0,0,0,0,0,0,0,0,0,0,0,0,0,0,0,0,128,0,0,0,0,0,0,0,0,0,0,0,0,0,0,0,0,0,0,0,0,0,0,0,152537.05,0,0,0,0
17,CENTRAL TERMOELECTRICA EL MORRO 2 S.A.S. E.S.P.,45,MCIMARR1,9,GENERADORA Y COMERCIALIZADORA DE ENERGIA DEL CARIBE S.A. E.S.P.,PD,14,NORDESTE,9,GCM,0,735,0,0,0,0,0,0,0,0,0,0,0,0,0,0,0,0,0,0,0,15.92,0,0,0,0,0,0,0,0,0,0,0,0,0,0,0,0,0,0,0,0,0,0,0,158967.27,0,0,0,0
12,ISAGEN S.A. E.S.P.,86,SANCARLOS,8,ISAGEN S.A. E.S.P.,PD,16,SANCARLO,8,CQR,0,735,8.85,180.66,174.65,0,0,0,0,62.95,0,0,0,0,0,0,272.15,0,0,0,0,0,0,115.98,260.2,0,87763.21,83360.81,97507.42,0,0,0,0,85603.68,0,0,0,0,0,0,77098.94,0,0,0,0,0,0,133266.13,86264.49,0
11,EMPRESAS PÚBLICAS DE MEDELLÍN E.S.P.,31,GUATRON,8,ISAGEN S.A. E.S.P.,PD,0,ANTIOQUI,8,CQR,0,735,182.57,0,0,0,0,0,0,0,254.65,0,0,0,281.45,0,0,0,0,0,0,0,126.75,0,0,0,89999.59,0,0,0,0,0,0,0,82760.44,0,0,0,96225.18,0,0,0,0,0,0,0,118554.09,0,0,0
2,EMGESA S.A E.S.P,71,PAGUA,8,ISAGEN S.A. E.S.P.,PD,15,PAGUA,8,CQR,0,735,0,0,0,153.94,0,0,155.74,0,0,0,0,0,0,0,0,270.27,0,0,0,0,0,0,0,0,0,0,0,101480.16,0,0,109607.81,0,0,0,0,0,0,0,0,67870.38,0,0,0,0,0,0,0,0
12,ISAGEN S.A. E.S.P.,54,MIEL1,8,ISAGEN S.A. E.S.P.,PD,11,LAMIEL,8,CQR,0,735,0,0,0,20.4,0,0,0,0,0,0,0,0,0,0,0,0,0,0,0,0,0,0,0,0,0,0,0,107859.25,0,0,0,0,0,0,0,0,0,0,0,0,0,0,0,0,0,0,0,0
33,EMPRESA URRÁ S.A. E.S.P.,98,URRA,8,ISAGEN S.A. E.S.P.,PC,5,CERROMAT,8,CQR,0,735,0,0,0,0,182.37,207.85,0,0,0,0,137.63,270.4,0,0,0,0,0,85.21,0,0,106,0,0,0,0,0,0,0,88761.36,105846.07,0,0,0,0,130569.62,92377.58,0,0,0,0,0,106718.67,0,0,118894.51,0,0,0
11,EMPRESAS PÚBLICAS DE MEDELLÍN E.S.P.,78,PORCE2,8,ISAGEN S.A. E.S.P.,PD,0,ANTIOQUI,8,CQR,0,735,0,0,0,0,0,0,68.83,0,0,0,0,0,0,0,0,0,0,0,0,0,0,0,0,216.37,0,0,0,0,0,0,100263.34,0,0,0,0,0,0,0,0,0,0,0,0,0,0,0,0,96794.37
2,EMGESA S.A E.S.P,32,GUAVIO,8,ISAGEN S.A. E.S.P.,PD,2,BOGOTA,8,CQR,0,735,0,0,0,0,0,0,0,175.53,0,0,0,0,0,274.11,0,0,0,0,335.76,0,98.31,0,0,0,0,0,0,0,0,0,0,97842.61,0,0,0,0,0,102103.56,0,0,0,0,127388.96,0,146452.83,0,0,0
27,GESTIÓN ENERGÉTICA S.A. E.S.P.,72,PAIPA1,8,ISAGEN S.A. E.S.P.,PC,14,NORDESTE,8,CQR,0,735,0,0,0,0,0,0,0,0,0,24.8,24.8,0,0,0,0,0,0,0,24.8,0,0,0,0,0,0,0,0,0,0,0,0,0,0,116065.33,124398,0,0,0,0,0,0,0,104190.1,0,0,0,0,0
27,GESTIÓN ENERGÉTICA S.A. E.S.P.,75,PAIPA4,8,ISAGEN S.A. E.S.P.,PC,14,NORDESTE,8,CQR,0,735,0,0,0,0,0,0,0,0,0,120,120,0,0,0,0,0,0,0,0,0,0,0,0,0,0,0,0,0,0,0,0,0,0,125111.65,100877.99,0,0,0,0,0,0,0,0,0,0,0,0,0
0,EMPRESA DE ENERGÍA DEL PACÍFICO S.A. E.S.P.,0,ALBAN,8,ISAGEN S.A. E.S.P.,PC,18,VALLECAU,8,CQR,0,735,0,0,0,0,0,0,0,0,0,69.07,0,0,0,0,0,0,0,0,0,343.2,0,0,0,0,0,0,0,0,0,0,0,0,0,125841.52,0,0,0,0,0,0,0,0,0,161822.85,0,0,0,0
27,GESTIÓN ENERGÉTICA S.A. E.S.P.,73,PAIPA2,8,ISAGEN S.A. E.S.P.,PC,14,NORDESTE,8,CQR,0,735,0,0,0,0,0,0,0,0,0,54.03,0,0,0,0,0,0,0,0,0,0,0,56,0,0,0,0,0,0,0,0,0,0,0,128160.13,0,0,0,0,0,0,0,0,0,0,0,125221.03,0,0
27,GESTIÓN ENERGÉTICA S.A. E.S.P.,74,PAIPA3,8,ISAGEN S.A. E.S.P.,PC,14,NORDESTE,8,CQR,0,735,0,0,0,0,0,0,0,0,0,0,0,21.7,0,0,0,0,0,0,0,0,0,0,0,0,0,0,0,0,0,0,0,0,0,0,0,131905.35,0,0,0,0,0,0,0,0,0,0,0,0
11,EMPRESAS PÚBLICAS DE MEDELLÍN E.S.P.,30,GUATAPE,8,ISAGEN S.A. E.S.P.,PD,0,ANTIOQUI,8,CQR,0,735,0,0,0,0,0,0,0,0,0,0,0,0,0,0,0,0,271.25,0,0,0,0,0,0,0,0,0,0,0,0,0,0,0,0,0,0,0,0,0,0,0,85829.38,0,0,0,0,0,0,0
2,EMGESA S.A E.S.P,3,BETANIA,8,ISAGEN S.A. E.S.P.,PD,10,HUILACAQ,8,CQR,0,735,0,0,0,0,0,0,0,0,0,0,0,0,0,0,0,0,0,198.99,0,0,0,0,0,0,0,0,0,0,0,0,0,0,0,0,0,0,0,0,0,0,0,124541.22,0,0,0,0,0,0
19,ENERMONT S.A . E.S.P.,48,MCURRUCU,8,ISAGEN S.A. E.S.P.,PC,17,TOLIMA,8,CQR,0,735,0,0,0,0,0,0,0,0,0,0,0,0,0,0,0,0,0,0,1,1,0,0,0,0,0,0,0,0,0,0,0,0,0,0,0,0,0,0,0,0,0,0,124294.19,167010.03,0,0,0,0
3,AES CHIVOR & CÍA S.C.A. E.S.P.,5,CHIVOR,8,ISAGEN S.A. E.S.P.,PD,6,CHIVOR,8,CQR,0,735,0,0,0,0,0,0,0,0,0,0,0,0,0,0,0,0,0,0,0,34.32,0,0,0,0,0,0,0,0,0,0,0,0,0,0,0,0,0,0,0,0,0,0,0,168708.97,0,0,0,0
2,EMGESA S.A E.S.P,100,ZIPAEMG2,8,ISAGEN S.A. E.S.P.,PC,2,BOGOTA,8,CQR,0,735,0,0,0,0,0,0,0,0,0,0,0,0,0,0,0,0,0,0,0,0,27.2,0,0,0,0,0,0,0,0,0,0,0,0,0,0,0,0,0,0,0,0,0,0,0,137304.66,0,0,0
12,ISAGEN S.A. E.S.P.,34,JAGUAS,8,ISAGEN S.A. E.S.P.,PD,0,ANTIOQUI,8,CQR,0,735,0,0,0,0,0,0,0,0,0,0,0,0,0,0,0,0,0,0,0,0,0,136,0,0,0,0,0,0,0,0,0,0,0,0,0,0,0,0,0,0,0,0,0,0,0,116341.91,0,0
12,ISAGEN S.A. E.S.P.,34,JAGUAS,3,ENERGIA EMPRESARIAL DE LA COSTA S.A. E.S.P.,PC,0,ANTIOQUI,3,BOLIVAR,0,735,136,0,100.28,136,0,0,0,0,0,0,0,0,0,0,0,0,0,104.02,0,0,0,0,0,0,94451.47,0,98110,98407.74,0,0,0,0,0,0,0,0,0,0,0,0,0,117032.5,0,0,0,0,0,0
9,TERMOFLORES S.A. E.S.P,25,FLORES3,3,ENERGIA EMPRESARIAL DE LA COSTA S.A. E.S.P.,PC,1,ATLANTIC,3,BOLIVAR,0,735,112.3,0,135.2,0,0,135.2,0,0,0,0,0,135.2,0,0,0,0,109.89,0,0,0,0,0,0,0,100306.81,0,95521.41,0,0,88579.59,0,0,0,0,0,104365.3,0,0,0,0,123501.95,0,0,0,0,0,0,0
2,EMGESA S.A E.S.P,71,PAGUA,3,ENERGIA EMPRESARIAL DE LA COSTA S.A. E.S.P.,PC,15,PAGUA,3,BOLIVAR,0,735,0,41.14,0,0,0,0,0,0,0,0,0,0,0,0,0,207.74,0,0,0,0,0,0,0,0,0,75154.46,0,0,0,0,0,0,0,0,0,0,0,0,0,108859.56,0,0,0,0,0,0,0,0
33,EMPRESA URRÁ S.A. E.S.P.,98,URRA,3,ENERGIA EMPRESARIAL DE LA COSTA S.A. E.S.P.,PC,5,CERROMAT,3,BOLIVAR,0,735,0,94.14,0,0,0,0,0,83.02,235.2,229.97,0,0,0,0,0,0,0,0,200.87,0,0,0,0,0,0,102353.3,0,0,0,0,0,85991.82,107556.64,86159.68,0,0,0,0,0,0,0,0,139805.51,0,0,0,0,0
27,GESTIÓN ENERGÉTICA S.A. E.S.P.,75,PAIPA4,3,ENERGIA EMPRESARIAL DE LA COSTA S.A. E.S.P.,PD,14,NORDESTE,3,BOLIVAR,0,735,0,105.54,0,0,0,0,0,0,0,0,0,0,0,0,120,49.43,120,0,0,0,0,0,0,0,0,109782.18,0,0,0,0,0,0,0,0,0,0,0,0,114284.17,105891,97037.24,0,0,0,0,0,0,0
11,EMPRESAS PÚBLICAS DE MEDELLÍN E.S.P.,78,PORCE2,3,ENERGIA EMPRESARIAL DE LA COSTA S.A. E.S.P.,PC,0,ANTIOQUI,3,BOLIVAR,0,735,0,0,0,95.13,0,0,0,0,0,12.65,0,0,0,0,0,0,0,100.42,0,0,0,0,0,0,0,0,0,100344.69,0,0,0,0,0,102623.8,0,0,0,0,0,0,0,76549.66,0,0,0,0,0,0
12,ISAGEN S.A. E.S.P.,86,SANCARLOS,3,ENERGIA EMPRESARIAL DE LA COSTA S.A. E.S.P.,PD,16,SANCARLO,3,BOLIVAR,0,735,0,0,0,0,229.1,0,0,0,0,0,0,0,0,0,56.77,0,0,0,0,0,0,14.32,278.2,0,0,0,0,0,92068.9,0,0,0,0,0,0,0,0,0,134545.62,0,0,0,0,0,0,97992.19,89270.09,0
2,EMGESA S.A E.S.P,32,GUAVIO,3,ENERGIA EMPRESARIAL DE LA COSTA S.A. E.S.P.,PD,2,BOGOTA,3,BOLIVAR,0,735,0,0,0,0,0,93.66,0,0,0,0,0,0,0,0,0,0,0,0,0,0,296.4,0,0,0,0,0,0,0,0,96880.67,0,0,0,0,0,0,0,0,0,0,0,0,0,0,105002.6,0,0,0
11,EMPRESAS PÚBLICAS DE MEDELLÍN E.S.P.,31,GUATRON,3,ENERGIA EMPRESARIAL DE LA COSTA S.A. E.S.P.,PC,0,ANTIOQUI,3,BOLIVAR,0,735,0,0,0,0,0,0,219.61,0,0,0,0,118.16,0,0,0,0,0,0,0,0,0,0,0,0,0,0,0,0,0,0,110296.34,0,0,0,0,113841.34,0,0,0,0,0,0,0,0,0,0,0,0
0,EMPRESA DE ENERGÍA DEL PACÍFICO S.A. E.S.P.,0,ALBAN,3,ENERGIA EMPRESARIAL DE LA COSTA S.A. E.S.P.,PD,18,VALLECAU,3,BOLIVAR,0,735,0,0,0,0,0,0,0,140.63,0,0,205.48,0,251.29,0,0,0,0,0,0,0,0,0,0,131.19,0,0,0,0,0,0,0,97688.91,0,0,111752.61,0,94267.08,0,0,0,0,0,0,0,0,0,0,123263.63
27,GESTIÓN ENERGÉTICA S.A. E.S.P.,74,PAIPA3,3,ENERGIA EMPRESARIAL DE LA COSTA S.A. E.S.P.,PC,14,NORDESTE,3,BOLIVAR,0,735,0,0,0,0,0,0,0,0,0,0,43.39,0,0,0,0,0,0,0,0,56,0,0,0,0,0,0,0,0,0,0,0,0,0,0,121925.01,0,0,0,0,0,0,0,0,121445.09,0,0,0,0
12,ISAGEN S.A. E.S.P.,54,MIEL1,3,ENERGIA EMPRESARIAL DE LA COSTA S.A. E.S.P.,PD,11,LAMIEL,3,BOLIVAR,0,735,0,0,0,0,0,0,0,0,0,0,0,0,0,253.52,0,0,0,0,0,0,0,275.05,0,0,0,0,0,0,0,0,0,0,0,0,0,0,0,123157.14,0,0,0,0,0,0,0,111882.08,0,0
27,GESTIÓN ENERGÉTICA S.A. E.S.P.,72,PAIPA1,3,ENERGIA EMPRESARIAL DE LA COSTA S.A. E.S.P.,PC,14,NORDESTE,3,BOLIVAR,0,735,0,0,0,0,0,0,0,0,0,0,0,0,0,0,24.8,0,24.8,0,0,0,0,0,0,0,0,0,0,0,0,0,0,0,0,0,0,0,0,0,131094.32,0,105385.49,0,0,0,0,0,0,0
27,GESTIÓN ENERGÉTICA S.A. E.S.P.,73,PAIPA2,3,ENERGIA EMPRESARIAL DE LA COSTA S.A. E.S.P.,PC,14,NORDESTE,3,BOLIVAR,0,735,0,0,0,0,0,0,0,0,0,0,0,0,0,0,56,0,0,0,0,0,0,0,0,0,0,0,0,0,0,0,0,0,0,0,0,0,0,0,132669.1,0,0,0,0,0,0,0,0,0
11,EMPRESAS PÚBLICAS DE MEDELLÍN E.S.P.,30,GUATAPE,3,ENERGIA EMPRESARIAL DE LA COSTA S.A. E.S.P.,PC,0,ANTIOQUI,3,BOLIVAR,0,735,0,0,0,0,0,0,0,0,0,0,0,0,0,0,0,0,0,51.47,0,0,0,0,0,130.27,0,0,0,0,0,0,0,0,0,0,0,0,0,0,0,0,0,73242.24,0,0,0,0,0,88441.51
9,TERMOFLORES S.A. E.S.P,24,FLORES21,3,ENERGIA EMPRESARIAL DE LA COSTA S.A. E.S.P.,PC,1,ATLANTIC,3,BOLIVAR,0,735,0,0,0,0,0,0,0,0,0,0,0,0,0,0,0,0,0,0,89.6,0,0,0,0,0,0,0,0,0,0,0,0,0,0,0,0,0,0,0,0,0,0,0,137776.78,0,0,0,0,0
2,EMGESA S.A E.S.P,100,ZIPAEMG2,3,ENERGIA EMPRESARIAL DE LA COSTA S.A. E.S.P.,PC,2,BOGOTA,3,BOLIVAR,0,735,0,0,0,0,0,0,0,0,0,0,0,0,0,0,0,0,0,0,0,27.2,0,0,0,0,0,0,0,0,0,0,0,0,0,0,0,0,0,0,0,0,0,0,0,149536.05,0,0,0,0
2,EMGESA S.A E.S.P,3,BETANIA,3,ENERGIA EMPRESARIAL DE LA COSTA S.A. E.S.P.,PD,10,HUILACAQ,3,BOLIVAR,0,735,0,0,0,0,0,0,0,0,0,0,0,0,0,0,0,0,0,0,0,215.44,0,0,0,0,0,0,0,0,0,0,0,0,0,0,0,0,0,0,0,0,0,0,0,150868.05,0,0,0,0
27,GESTIÓN ENERGÉTICA S.A. E.S.P.,75,PAIPA4,5,GENERADORA Y COMERCIALIZADORA DE ENERGIA DEL CARIBE S.A. E.S.P.,PD,14,NORDESTE,5,CERROMAT,0,735,120,0,0,0,0,0,0,120,114.79,0,0,0,0,120,0,0,0,120,0,0,0,0,1.47,0,100257.81,0,0,0,0,0,0,95894.86,107995.9,0,0,0,0,105485.21,0,0,0,140602.51,0,0,0,0,108618.9,0
11,EMPRESAS PÚBLICAS DE MEDELLÍN E.S.P.,78,PORCE2,5,GENERADORA Y COMERCIALIZADORA DE ENERGIA DEL CARIBE S.A. E.S.P.,PD,0,ANTIOQUI,5,CERROMAT,0,735,49.03,0,0,0,0,0,0,0,0,37.14,0,0,0,0,0,0,0,0,0,0,0,0,0,0,110830.41,0,0,0,0,0,0,0,0,125214.56,0,0,0,0,0,0,0,0,0,0,0,0,0,0
11,EMPRESAS PÚBLICAS DE MEDELLÍN E.S.P.,31,GUATRON,5,GENERADORA Y COMERCIALIZADORA DE ENERGIA DEL CARIBE S.A. E.S.P.,PC,0,ANTIOQUI,5,CERROMAT,0,735,42.34,0,0,0,0,0,0,0,0,0,0,0,0,0,0,0,0,0,0,0,0,0,0,0,111531.06,0,0,0,0,0,0,0,0,0,0,0,0,0,0,0,0,0,0,0,0,0,0,0
12,ISAGEN S.A. E.S.P.,54,MIEL1,5,GENERADORA Y COMERCIALIZADORA DE ENERGIA DEL CARIBE S.A. E.S.P.,PD,11,LAMIEL,5,CERROMAT,0,735,0,207.79,0,0,0,0,0,0,0,0,0,0,0,0,0,0,0,0,0,0,0,0,0,0,0,122116.8,0,0,0,0,0,0,0,0,0,0,0,0,0,0,0,0,0,0,0,0,0,0
12,ISAGEN S.A. E.S.P.,86,SANCARLOS,5,GENERADORA Y COMERCIALIZADORA DE ENERGIA DEL CARIBE S.A. E.S.P.,PD,16,SANCARLO,5,CERROMAT,0,735,0,0,205.77,0,206.3,0,0,0,0,0,0,0,0,0,217.93,0,0,0,0,0,0,0,0,60.41,0,0,65481.34,0,68195.32,0,0,0,0,0,0,0,0,0,91189.74,0,0,0,0,0,0,0,0,70501.98
2,EMGESA S.A E.S.P,32,GUAVIO,5,GENERADORA Y COMERCIALIZADORA DE ENERGIA DEL CARIBE S.A. E.S.P.,PC,2,BOGOTA,5,CERROMAT,0,735,0,0,0,205.06,0,0,67.57,0,94.81,0,212.39,214.9,0,70.78,0,0,50.67,0,0,0,0,0,0,0,0,0,0,95377.53,0,0,96439.86,0,113033.82,0,95606.57,108981.24,0,117739.04,0,0,112734.61,0,0,0,0,0,0,0
2,EMGESA S.A E.S.P,71,PAGUA,5,GENERADORA Y COMERCIALIZADORA DE ENERGIA DEL CARIBE S.A. E.S.P.,PD,15,PAGUA,5,CERROMAT,0,735,0,0,0,0,0,209.14,0,0,0,0,0,0,0,0,0,2,0,0,0,0,0,0,0,0,0,0,0,0,0,94906.19,0,0,0,0,0,0,0,0,0,74228.69,0,0,0,0,0,0,0,0
12,ISAGEN S.A. E.S.P.,34,JAGUAS,5,GENERADORA Y COMERCIALIZADORA DE ENERGIA DEL CARIBE S.A. E.S.P.,PD,0,ANTIOQUI,5,CERROMAT,0,735,0,0,0,0,0,0,136,69.46,0,0,0,0,136,0,0,0,0,31.98,0,0,0,0,0,0,0,0,0,0,0,0,90875.55,94059.75,0,0,0,0,96424.83,0,0,0,0,81205.99,0,0,0,0,0,0
0,EMPRESA DE ENERGÍA DEL PACÍFICO S.A. E.S.P.,0,ALBAN,5,GENERADORA Y COMERCIALIZADORA DE ENERGIA DEL CARIBE S.A. E.S.P.,PC,18,VALLECAU,5,CERROMAT,0,735,0,0,0,0,0,0,0,15.98,0,0,0,0,78.59,0,0,0,0,0,0,0,0,0,0,0,0,0,0,0,0,0,0,121377.62,0,0,0,0,105523.12,0,0,0,0,0,0,0,0,0,0,0
9,TERMOFLORES S.A. E.S.P,25,FLORES3,5,GENERADORA Y COMERCIALIZADORA DE ENERGIA DEL CARIBE S.A. E.S.P.,PC,1,ATLANTIC,5,CERROMAT,0,735,0,0,0,0,0,0,0,0,0,135.2,0,0,0,0,0,0,0,0,109.91,0,0,0,0,0,0,0,0,0,0,0,0,0,0,114626.4,0,0,0,0,0,0,0,0,177542.65,0,0,0,0,0
27,GESTIÓN ENERGÉTICA S.A. E.S.P.,73,PAIPA2,5,GENERADORA Y COMERCIALIZADORA DE ENERGIA DEL CARIBE S.A. E.S.P.,PD,14,NORDESTE,5,CERROMAT,0,735,0,0,0,0,0,0,0,0,0,1.97,0,0,0,0,0,56,0,0,0,0,0,0,0,0,0,0,0,0,0,0,0,0,0,126503.98,0,0,0,0,0,125370.47,0,0,0,0,0,0,0,0
27,GESTIÓN ENERGÉTICA S.A. E.S.P.,74,PAIPA3,5,GENERADORA Y COMERCIALIZADORA DE ENERGIA DEL CARIBE S.A. E.S.P.,PD,14,NORDESTE,5,CERROMAT,0,735,0,0,0,0,0,0,0,0,0,36.34,0,0,0,0,0,56,0,0,56,0,56,0,0,0,0,0,0,0,0,0,0,0,0,130587.37,0,0,0,0,0,119475.35,0,0,145161.67,0,130539.66,0,0,0
27,GESTIÓN ENERGÉTICA S.A. E.S.P.,72,PAIPA1,5,GENERADORA Y COMERCIALIZADORA DE ENERGIA DEL CARIBE S.A. E.S.P.,PC,14,NORDESTE,5,CERROMAT,0,735,0,0,0,0,0,0,0,0,0,0,0,0,0,24.8,0,0,0,0,0,0,0,0,24.8,0,0,0,0,0,0,0,0,0,0,0,0,0,0,104003.88,0,0,0,0,0,0,0,0,118194.19,0
29,TERMOTASAJERO S.A E.S.P.,88,TASAJER1,5,GENERADORA Y COMERCIALIZADORA DE ENERGIA DEL CARIBE S.A. E.S.P.,PC,14,NORDESTE,5,CERROMAT,0,735,0,0,0,0,0,0,0,0,0,0,0,0,0,0,0,105.39,0,70.88,0,0,108.01,0,0,0,0,0,0,0,0,0,0,0,0,0,0,0,0,0,0,134880.52,0,149995.68,0,0,178287.98,0,0,0
11,EMPRESAS PÚBLICAS DE MEDELLÍN E.S.P.,30,GUATAPE,5,GENERADORA Y COMERCIALIZADORA DE ENERGIA DEL CARIBE S.A. E.S.P.,PC,0,ANTIOQUI,5,CERROMAT,0,735,0,0,0,0,0,0,0,0,0,0,0,0,0,0,0,0,168.22,0,0,0,0,0,0,0,0,0,0,0,0,0,0,0,0,0,0,0,0,0,0,0,98675.1,0,0,0,0,0,0,0
2,EMGESA S.A E.S.P,100,ZIPAEMG2,5,GENERADORA Y COMERCIALIZADORA DE ENERGIA DEL CARIBE S.A. E.S.P.,PC,2,BOGOTA,5,CERROMAT,0,735,0,0,0,0,0,0,0,0,0,0,0,0,0,0,0,0,0,0,27.2,0,0,0,0,0,0,0,0,0,0,0,0,0,0,0,0,0,0,0,0,0,0,0,135648.88,0,0,0,0,0
33,EMPRESA URRÁ S.A. E.S.P.,98,URRA,5,GENERADORA Y COMERCIALIZADORA DE ENERGIA DEL CARIBE S.A. E.S.P.,PC,5,CERROMAT,5,CERROMAT,0,735,0,0,0,0,0,0,0,0,0,0,0,0,0,0,0,0,0,0,69.53,0,0,244.01,205.39,157.56,0,0,0,0,0,0,0,0,0,0,0,0,0,0,0,0,0,0,177529.86,0,0,86454.81,121682.45,87595.31
2,EMGESA S.A E.S.P,101,ZIPAEMG3,5,GENERADORA Y COMERCIALIZADORA DE ENERGIA DEL CARIBE S.A. E.S.P.,PD,2,BOGOTA,5,CERROMAT,0,735,0,0,0,0,0,0,0,0,0,0,0,0,0,0,0,0,0,0,0,50.4,0,0,0,0,0,0,0,0,0,0,0,0,0,0,0,0,0,0,0,0,0,0,0,139965,0,0,0,0
2,EMGESA S.A E.S.P,3,BETANIA,5,GENERADORA Y COMERCIALIZADORA DE ENERGIA DEL CARIBE S.A. E.S.P.,PC,10,HUILACAQ,5,CERROMAT,0,735,0,0,0,0,0,0,0,0,0,0,0,0,0,0,0,0,0,0,0,216.56,0,0,0,0,0,0,0,0,0,0,0,0,0,0,0,0,0,0,0,0,0,0,0,146306.64,0,0,0,0
0,EMPRESA DE ENERGÍA DEL PACÍFICO S.A. E.S.P.,96,TVALLE,5,GENERADORA Y COMERCIALIZADORA DE ENERGIA DEL CARIBE S.A. E.S.P.,PC,18,VALLECAU,5,CERROMAT,0,735,0,0,0,0,0,0,0,0,0,0,0,0,0,0,0,0,0,0,0,2.56,0,0,0,0,0,0,0,0,0,0,0,0,0,0,0,0,0,0,0,0,0,0,0,172395.37,0,0,0,0
2,EMGESA S.A E.S.P,102,ZIPAEMG4,5,GENERADORA Y COMERCIALIZADORA DE ENERGIA DEL CARIBE S.A. E.S.P.,PC,2,BOGOTA,5,CERROMAT,0,735,0,0,0,0,0,0,0,0,0,0,0,0,0,0,0,0,0,0,0,0,51.2,0,0,0,0,0,0,0,0,0,0,0,0,0,0,0,0,0,0,0,0,0,0,0,136745.6,0,0,0
2,EMGESA S.A E.S.P,103,ZIPAEMG5,5,GENERADORA Y COMERCIALIZADORA DE ENERGIA DEL CARIBE S.A. E.S.P.,PC,2,BOGOTA,5,CERROMAT,0,735,0,0,0,0,0,0,0,0,0,0,0,0,0,0,0,0,0,0,0,0,51.2,0,0,0,0,0,0,0,0,0,0,0,0,0,0,0,0,0,0,0,0,0,0,0,175242.96,0,0,0
2,EMGESA S.A E.S.P,71,PAGUA,7,GENERADORA Y COMERCIALIZADORA DE ENERGIA DEL CARIBE S.A. E.S.P.,PD,15,PAGUA,7,CORDOSUC,0,735,148.16,0,0,0,137.45,0,0,0,0,0,0,0,0,0,0,0,0,0,0,0,0,0,0,0,78853.52,0,0,0,110266.64,0,0,0,0,0,0,0,0,0,0,0,0,0,0,0,0,0,0,0
11,EMPRESAS PÚBLICAS DE MEDELLÍN E.S.P.,78,PORCE2,7,GENERADORA Y COMERCIALIZADORA DE ENERGIA DEL CARIBE S.A. E.S.P.,PD,0,ANTIOQUI,7,CORDOSUC,0,735,0,143.26,0,0,0,0,0,129.03,0,0,0,0,0,0,0,0,0,0,0,0,0,0,0,0,0,76235.24,0,0,0,0,0,107970.51,0,0,0,0,0,0,0,0,0,0,0,0,0,0,0,0
12,ISAGEN S.A. E.S.P.,86,SANCARLOS,7,GENERADORA Y COMERCIALIZADORA DE ENERGIA DEL CARIBE S.A. E.S.P.,PD,16,SANCARLO,7,CORDOSUC,0,735,0,0,139.5,0,0,142.27,0,0,0,0,0,0,0,0,28.82,0,0,0,0,0,0,0,38.13,0,0,0,102621.07,0,0,67256.97,0,0,0,0,0,0,0,0,81857.08,0,0,0,0,0,0,0,98938.54,0
33,EMPRESA URRÁ S.A. E.S.P.,98,URRA,7,GENERADORA Y COMERCIALIZADORA DE ENERGIA DEL CARIBE S.A. E.S.P.,PC,5,CERROMAT,7,CORDOSUC,0,735,0,0,0,136.87,0,0,0,0,0,0,91.92,0,58.64,0,0,0,0,0,0,0,0,26.39,65.01,112.84,0,0,0,85387.48,0,0,0,0,0,0,137590.6,0,116822.03,0,0,0,0,0,0,0,0,117620.14,164212.89,97772.33
2,EMGESA S.A E.S.P,32,GUAVIO,7,GENERADORA Y COMERCIALIZADORA DE ENERGIA DEL CARIBE S.A. E.S.P.,PC,2,BOGOTA,7,CORDOSUC,0,735,0,0,0,0,0,0,132.32,0,0,0,0,147.88,0,0,121.11,100.3,0,0,166.12,202.94,198.94,0,0,0,0,0,0,0,0,0,98096.78,0,0,0,0,121886.43,0,0,138755.65,147674.26,0,0,159322.28,141440.86,101671.05,0,0,0
11,EMPRESAS PÚBLICAS DE MEDELLÍN E.S.P.,31,GUATRON,7,GENERADORA Y COMERCIALIZADORA DE ENERGIA DEL CARIBE S.A. E.S.P.,PC,0,ANTIOQUI,7,CORDOSUC,0,735,0,0,0,0,0,0,0,0,13.03,0,0,0,85.12,0,0,0,0,0,0,0,0,0,0,0,0,0,0,0,0,0,0,0,87552.42,0,0,0,115688.23,0,0,0,0,0,0,0,0,0,0,0
12,ISAGEN S.A. E.S.P.,54,MIEL1,7,GENERADORA Y COMERCIALIZADORA DE ENERGIA DEL CARIBE S.A. E.S.P.,PC,11,LAMIEL,7,CORDOSUC,0,735,0,0,0,0,0,0,0,0,122.65,138.28,0,0,0,0,0,0,0,150.31,0,0,0,0,0,0,0,0,0,0,0,0,0,0,124137.14,106624.85,0,0,0,0,0,0,0,127826.05,0,0,0,0,0,0
2,EMGESA S.A E.S.P,102,ZIPAEMG4,7,GENERADORA Y COMERCIALIZADORA DE ENERGIA DEL CARIBE S.A. E.S.P.,PC,2,BOGOTA,7,CORDOSUC,0,735,0,0,0,0,0,0,0,0,0,0,51.2,0,0,0,0,51.2,0,0,0,0,0,0,0,0,0,0,0,0,0,0,0,0,0,0,136364.8,0,0,0,0,129684.04,0,0,0,0,0,0,0,0
11,EMPRESAS PÚBLICAS DE MEDELLÍN E.S.P.,30,GUATAPE,7,GENERADORA Y COMERCIALIZADORA DE ENERGIA DEL CARIBE S.A. E.S.P.,PD,0,ANTIOQUI,7,CORDOSUC,0,735,0,0,0,0,0,0,0,0,0,0,0,0,0,144,0,0,0,0,0,0,0,0,0,0,0,0,0,0,0,0,0,0,0,0,0,0,0,90592.62,0,0,0,0,0,0,0,0,0,0
9,TERMOFLORES S.A. E.S.P,25,FLORES3,7,GENERADORA Y COMERCIALIZADORA DE ENERGIA DEL CARIBE S.A. E.S.P.,PC,1,ATLANTIC,7,CORDOSUC,0,735,0,0,0,0,0,0,0,0,0,0,0,0,0,0,0,0,25.31,0,25.29,0,0,0,0,45.69,0,0,0,0,0,0,0,0,0,0,0,0,0,0,0,0,124274.84,0,123181.05,0,0,0,0,121258.51
3,AES CHIVOR & CÍA S.C.A. E.S.P.,5,CHIVOR,7,GENERADORA Y COMERCIALIZADORA DE ENERGIA DEL CARIBE S.A. E.S.P.,PC,6,CHIVOR,7,CORDOSUC,0,735,0,0,0,0,0,0,0,0,0,0,0,0,0,0,0,0,124.01,0,0,0,0,137.98,0,0,0,0,0,0,0,0,0,0,0,0,0,0,0,0,0,0,154980.21,0,0,0,0,157894.19,0,0
19,ENERMONT S.A . E.S.P.,48,MCURRUCU,7,GENERADORA Y COMERCIALIZADORA DE ENERGIA DEL CARIBE S.A. E.S.P.,PD,17,TOLIMA,7,CORDOSUC,0,735,0,0,0,0,0,0,0,0,0,0,0,0,0,0,0,0,0,0,0,0,0,1,1,0,0,0,0,0,0,0,0,0,0,0,0,0,0,0,0,0,0,0,0,0,0,123722.91,121167.35,0
27,GESTIÓN ENERGÉTICA S.A. E.S.P.,72,PAIPA1,7,GENERADORA Y COMERCIALIZADORA DE ENERGIA DEL CARIBE S.A. E.S.P.,PD,14,NORDESTE,7,CORDOSUC,0,735,0,0,0,0,0,0,0,0,0,0,0,0,0,0,0,0,0,0,0,0,0,24.8,0,0,0,0,0,0,0,0,0,0,0,0,0,0,0,0,0,0,0,0,0,0,0,152690.4,0,0
17,CENTRAL TERMOELECTRICA EL MORRO 2 S.A.S. E.S.P.,45,MCIMARR1,7,GENERADORA Y COMERCIALIZADORA DE ENERGIA DEL CARIBE S.A. E.S.P.,PD,14,NORDESTE,7,CORDOSUC,0,735,0,0,0,0,0,0,0,0,0,0,0,0,0,0,0,0,0,0,0,0,0,0,15.92,0,0,0,0,0,0,0,0,0,0,0,0,0,0,0,0,0,0,0,0,0,0,0,153524.89,0
27,GESTIÓN ENERGÉTICA S.A. E.S.P.,73,PAIPA2,7,GENERADORA Y COMERCIALIZADORA DE ENERGIA DEL CARIBE S.A. E.S.P.,PC,14,NORDESTE,7,CORDOSUC,0,735,0,0,0,0,0,0,0,0,0,0,0,0,0,0,0,0,0,0,0,0,0,0,54.13,0,0,0,0,0,0,0,0,0,0,0,0,0,0,0,0,0,0,0,0,0,0,0,165908.94,0
11,EMPRESAS PÚBLICAS DE MEDELLÍN E.S.P.,31,GUATRON,4,EMPRESAS MUNICIPALES DE CALI E.I.C.E. E.S.P.,PC,0,ANTIOQUI,4,CAUCANAR,0,735,57.41,0,0,0,0,0,0,73.64,0,0,0,4.32,0,0,0,0,0,0,0,0,0,0,0,0,105603.05,0,0,0,0,0,0,76326.37,0,0,0,101665.72,0,0,0,0,0,0,0,0,0,0,0,0
27,GESTIÓN ENERGÉTICA S.A. E.S.P.,72,PAIPA1,4,EMPRESAS MUNICIPALES DE CALI E.I.C.E. E.S.P.,PC,14,NORDESTE,4,CAUCANAR,0,735,24.8,0,0,0,0,0,0,0,0,0,0,24.8,0,0,0,24.8,0,24.8,0,0,0,0,0,0,114291.39,0,0,0,0,0,0,0,0,0,0,125906.32,0,0,0,129714.83,0,123025.9,0,0,0,0,0,0
12,ISAGEN S.A. E.S.P.,54,MIEL1,4,EMPRESAS MUNICIPALES DE CALI E.I.C.E. E.S.P.,PC,11,LAMIEL,4,CAUCANAR,0,735,10.97,0,0,0,0,0,0,0,0,0,0,0,0,0,0,0,0,141.46,0,0,0,0,0,0,119788.45,0,0,0,0,0,0,0,0,0,0,0,0,0,0,0,0,132628.93,0,0,0,0,0,0
12,ISAGEN S.A. E.S.P.,86,SANCARLOS,4,EMPRESAS MUNICIPALES DE CALI E.I.C.E. E.S.P.,PC,16,SANCARLO,4,CAUCANAR,0,735,0,87.53,0,0,0,0,0,0,0,0,0,0,0,0,0,0,0,0,0,0,0,0,0,0,0,89375.85,0,0,0,0,0,0,0,0,0,0,0,0,0,0,0,0,0,0,0,0,0,0
2,EMGESA S.A E.S.P,71,PAGUA,4,EMPRESAS MUNICIPALES DE CALI E.I.C.E. E.S.P.,PC,15,PAGUA,4,CAUCANAR,0,735,0,0,85.79,0,96.07,122.98,148.08,0,0,0,0,0,0,0,0,0,0,0,0,0,0,0,0,0,0,0,74188.54,0,93453.76,77150.74,72173.97,0,0,0,0,0,0,0,0,0,0,0,0,0,0,0,0,0
11,EMPRESAS PÚBLICAS DE MEDELLÍN E.S.P.,78,PORCE2,4,EMPRESAS MUNICIPALES DE CALI E.I.C.E. E.S.P.,PC,0,ANTIOQUI,4,CAUCANAR,0,735,0,0,0,87.7,0,0,0,0,0,0,0,0,0,0,0,0,0,0,0,0,0,0,0,64.75,0,0,0,105729.53,0,0,0,0,0,0,0,0,0,0,0,0,0,0,0,0,0,0,0,79859.16
0,EMPRESA DE ENERGÍA DEL PACÍFICO S.A. E.S.P.,0,ALBAN,4,EMPRESAS MUNICIPALES DE CALI E.I.C.E. E.S.P.,PC,18,VALLECAU,4,CAUCANAR,0,735,0,0,0,0,0,0,0,75.85,0,0,0,0,0,23.2,0,0,0,0,0,0,0,173.64,0,0,0,0,0,0,0,0,0,135423.89,0,0,0,0,0,95032.46,0,0,0,0,0,0,0,90090.12,0,0
33,EMPRESA URRÁ S.A. E.S.P.,98,URRA,4,EMPRESAS MUNICIPALES DE CALI E.I.C.E. E.S.P.,PD,5,CERROMAT,4,CAUCANAR,0,735,0,0,0,0,0,0,0,0,35.2,0,27.28,0,24.9,0,0,0,0,0,0,0,0,0,0,0,0,0,0,0,0,0,0,0,109913.9,0,126972.28,0,110066.53,0,0,0,0,0,0,0,0,0,0,0
2,EMGESA S.A E.S.P,102,ZIPAEMG4,4,EMPRESAS MUNICIPALES DE CALI E.I.C.E. E.S.P.,PC,2,BOGOTA,4,CAUCANAR,0,735,0,0,0,0,0,0,0,0,51.2,0,0,0,0,0,0,0,0,0,51.2,0,0,0,51.2,0,0,0,0,0,0,0,0,0,117391.15,0,0,0,0,0,0,0,0,0,128301.51,0,0,0,143966.39,0
9,TERMOFLORES S.A. E.S.P,25,FLORES3,4,EMPRESAS MUNICIPALES DE CALI E.I.C.E. E.S.P.,PC,1,ATLANTIC,4,CAUCANAR,0,735,0,0,0,0,0,0,0,0,66.63,0,135.2,0,0,120.65,0,0,0,0,0,0,0,0,0,0,0,0,0,0,0,0,0,0,127833.74,0,124233.34,0,0,105544.34,0,0,0,0,0,0,0,0,0,0
19,ENERMONT S.A . E.S.P.,48,MCURRUCU,4,EMPRESAS MUNICIPALES DE CALI E.I.C.E. E.S.P.,PD,17,TOLIMA,4,CAUCANAR,0,735,0,0,0,0,0,0,0,0,0,1,0,1,0,0,0,0,0,0,0,0,0,0,0,0,0,0,0,0,0,0,0,0,0,157540.28,0,146035.71,0,0,0,0,0,0,0,0,0,0,0,0
17,CENTRAL TERMOELECTRICA EL MORRO 2 S.A.S. E.S.P.,45,MCIMARR1,4,EMPRESAS MUNICIPALES DE CALI E.I.C.E. E.S.P.,PC,14,NORDESTE,4,CAUCANAR,0,735,0,0,0,0,0,0,0,0,0,15.92,0,0,0,0,0,0,0,0,0,0,0,0,0,0,0,0,0,0,0,0,0,0,0,158832.71,0,0,0,0,0,0,0,0,0,0,0,0,0,0
27,GESTIÓN ENERGÉTICA S.A. E.S.P.,74,PAIPA3,4,EMPRESAS MUNICIPALES DE CALI E.I.C.E. E.S.P.,PD,14,NORDESTE,4,CAUCANAR,0,735,0,0,0,0,0,0,0,0,0,19.66,0,0,56,0,0,0,0,0,0,0,0,0,56,0,0,0,0,0,0,0,0,0,0,165550.77,0,0,121272.09,0,0,0,0,0,0,0,0,0,138836.84,0
29,TERMOTASAJERO S.A E.S.P.,88,TASAJER1,4,EMPRESAS MUNICIPALES DE CALI E.I.C.E. E.S.P.,PC,14,NORDESTE,4,CAUCANAR,0,735,0,0,0,0,0,0,0,0,0,120.29,0,0,0,0,0,0,0,0,0,0,0,0,0,0,0,0,0,0,0,0,0,0,0,179504.91,0,0,0,0,0,0,0,0,0,0,0,0,0,0
9,TERMOFLORES S.A. E.S.P,23,FLORES1,4,EMPRESAS MUNICIPALES DE CALI E.I.C.E. E.S.P.,PD,1,ATLANTIC,4,CAUCANAR,0,735,0,0,0,0,0,0,0,0,0,0,0,128,0,0,0,0,0,0,0,0,0,0,0,0,0,0,0,0,0,0,0,0,0,0,0,145709.83,0,0,0,0,0,0,0,0,0,0,0,0
2,EMGESA S.A E.S.P,103,ZIPAEMG5,4,EMPRESAS MUNICIPALES DE CALI E.I.C.E. E.S.P.,PC,2,BOGOTA,4,CAUCANAR,0,735,0,0,0,0,0,0,0,0,0,0,0,7.37,51.2,0,0,0,0,0,0,0,0,0,0,0,0,0,0,0,0,0,0,0,0,0,0,151137.01,122918.91,0,0,0,0,0,0,0,0,0,0,0
27,GESTIÓN ENERGÉTICA S.A. E.S.P.,73,PAIPA2,4,EMPRESAS MUNICIPALES DE CALI E.I.C.E. E.S.P.,PC,14,NORDESTE,4,CAUCANAR,0,735,0,0,0,0,0,0,0,0,0,0,0,0,21.84,0,0,0,0,0,0,0,0,0,0,0,0,0,0,0,0,0,0,0,0,0,0,0,130654.52,0,0,0,0,0,0,0,0,0,0,0
2,EMGESA S.A E.S.P,32,GUAVIO,4,EMPRESAS MUNICIPALES DE CALI E.I.C.E. E.S.P.,PD,2,BOGOTA,4,CAUCANAR,0,735,0,0,0,0,0,0,0,0,0,0,0,0,0,0,144.02,0,153.16,0,129.81,0,215.79,0,28.24,41.46,0,0,0,0,0,0,0,0,0,0,0,0,0,0,141756.78,0,128862.26,0,159044.76,0,106700.45,0,151683.87,97142.6
22,CELSIA S.A E.S.P.,84,RPIEDRAS,4,EMPRESAS MUNICIPALES DE CALI E.I.C.E. E.S.P.,PD,0,ANTIOQUI,4,CAUCANAR,0,735,0,0,0,0,0,0,0,0,0,0,0,0,0,0,0,15.92,0,0,0,0,0,0,0,0,0,0,0,0,0,0,0,0,0,0,0,0,0,0,0,144446.77,0,0,0,0,0,0,0,0
1,GENERADORA Y COMERCIALIZADORA DE ENERGÍA DEL CARIBE S.A. ESP,92,TEBSA,4,EMPRESAS MUNICIPALES DE CALI E.I.C.E. E.S.P.,PC,1,ATLANTIC,4,CAUCANAR,0,735,0,0,0,0,0,0,0,0,0,0,0,0,0,0,0,106.86,0,0,0,0,0,0,0,0,0,0,0,0,0,0,0,0,0,0,0,0,0,0,0,149790.34,0,0,0,0,0,0,0,0
2,EMGESA S.A E.S.P,101,ZIPAEMG3,4,EMPRESAS MUNICIPALES DE CALI E.I.C.E. E.S.P.,PD,2,BOGOTA,4,CAUCANAR,0,735,0,0,0,0,0,0,0,0,0,0,0,0,0,0,0,0,0,0,50.4,0,0,0,0,0,0,0,0,0,0,0,0,0,0,0,0,0,0,0,0,0,0,0,148601.31,0,0,0,0,0
9,TERMOFLORES S.A. E.S.P,24,FLORES21,4,EMPRESAS MUNICIPALES DE CALI E.I.C.E. E.S.P.,PC,1,ATLANTIC,4,CAUCANAR,0,735,0,0,0,0,0,0,0,0,0,0,0,0,0,0,0,0,0,0,0,89.6,0,0,0,0,0,0,0,0,0,0,0,0,0,0,0,0,0,0,0,0,0,0,0,145504.11,0,0,0,0
3,AES CHIVOR & CÍA S.C.A. E.S.P.,5,CHIVOR,4,EMPRESAS MUNICIPALES DE CALI E.I.C.E. E.S.P.,PD,6,CHIVOR,4,CAUCANAR,0,735,0,0,0,0,0,0,0,0,0,0,0,0,0,0,0,0,0,0,0,148.13,0,0,0,0,0,0,0,0,0,0,0,0,0,0,0,0,0,0,0,0,0,0,0,156878.74,0,0,0,0
12,ISAGEN S.A. E.S.P.,54,MIEL1,17,EMGESA S.A. E.S.P.,PC,11,LAMIEL,17,TOLIMA,0,735,104.97,0,0,0,0,0,0,113.48,121.08,0,0,0,0,0,0,0,0,25.02,0,0,0,41.75,128.83,0,105671.83,0,0,0,0,0,0,132786.01,108110.05,0,0,0,0,0,0,0,0,111758.58,0,0,0,128881.99,116686.41,0
12,ISAGEN S.A. E.S.P.,86,SANCARLOS,17,EMGESA S.A. E.S.P.,PD,16,SANCARLO,17,TOLIMA,0,735,0,101.17,0,0,99.99,0,0,0,0,0,0,0,0,0,0,0,0,0,0,0,0,0,0,0,0,109959.03,0,0,83783.16,0,0,0,0,0,0,0,0,0,0,0,0,0,0,0,0,0,0,0
2,EMGESA S.A E.S.P,71,PAGUA,17,EMGESA S.A. E.S.P.,PD,15,PAGUA,17,TOLIMA,0,735,0,0,91.01,0,0,104.89,0,0,0,0,0,0,0,0,0,0,0,0,0,0,0,0,0,0,0,0,72791.95,0,0,69788.46,0,0,0,0,0,0,0,0,0,0,0,0,0,0,0,0,0,0
12,ISAGEN S.A. E.S.P.,34,JAGUAS,17,EMGESA S.A. E.S.P.,PC,0,ANTIOQUI,17,TOLIMA,0,735,0,0,7.84,0,0,0,0,0,0,0,0,0,0,14.32,0,0,0,0,0,0,0,0,0,0,0,0,89449.98,0,0,0,0,0,0,0,0,0,0,90881.03,0,0,0,0,0,0,0,0,0,0
11,EMPRESAS PÚBLICAS DE MEDELLÍN E.S.P.,78,PORCE2,17,EMGESA S.A. E.S.P.,PD,0,ANTIOQUI,17,TOLIMA,0,735,0,0,0,81.69,0,0,0,0,0,0,0,0,0,0,0,0,0,0,0,0,0,0,0,0,0,0,0,99340.84,0,0,0,0,0,0,0,0,0,0,0,0,0,0,0,0,0,0,0,0
9,TERMOFLORES S.A. E.S.P,25,FLORES3,17,EMGESA S.A. E.S.P.,PC,1,ATLANTIC,17,TOLIMA,0,735,0,0,0,16.31,0,0,0,0,0,0,0,0,0,0,0,0,0,0,0,0,0,0,0,89.51,0,0,0,108656.38,0,0,0,0,0,0,0,0,0,0,0,0,0,0,0,0,0,0,0,92970.33
2,EMGESA S.A E.S.P,32,GUAVIO,17,EMGESA S.A. E.S.P.,PD,2,BOGOTA,17,TOLIMA,0,735,0,0,0,0,0,0,106.17,0,0,128.39,133.66,0,5.72,119.21,33.12,134.66,0,31.19,0,0,93.77,0,0,0,0,0,0,0,0,0,94335.64,0,0,122425.35,114008.37,0,158440.13,103459.95,161758.62,95018.12,0,147235.95,0,0,122221.35,0,0,0
29,TERMOTASAJERO S.A E.S.P.,88,TASAJER1,17,EMGESA S.A. E.S.P.,PC,14,NORDESTE,17,TOLIMA,0,735,0,0,0,0,0,0,0,0,0,0,0,124,0,0,0,0,0,0,47.7,13.22,0,0,0,0,0,0,0,0,0,0,0,0,0,0,0,144251.31,0,0,0,0,0,0,189015.69,164675.38,0,0,0,0
22,CELSIA S.A E.S.P.,84,RPIEDRAS,17,EMGESA S.A. E.S.P.,PC,0,ANTIOQUI,17,TOLIMA,0,735,0,0,0,0,0,0,0,0,0,0,0,13.73,0,0,0,0,0,0,0,0,0,0,0,0,0,0,0,0,0,0,0,0,0,0,0,149624.87,0,0,0,0,0,0,0,0,0,0,0,0
27,GESTIÓN ENERGÉTICA S.A. E.S.P.,72,PAIPA1,17,EMGESA S.A. E.S.P.,PC,14,NORDESTE,17,TOLIMA,0,735,0,0,0,0,0,0,0,0,0,0,0,0,24.8,0,0,0,0,0,0,0,0,0,0,0,0,0,0,0,0,0,0,0,0,0,0,0,120903.36,0,0,0,0,0,0,0,0,0,0,0
9,TERMOFLORES S.A. E.S.P,24,FLORES21,17,EMGESA S.A. E.S.P.,PD,1,ATLANTIC,17,TOLIMA,0,735,0,0,0,0,0,0,0,0,0,0,0,0,89.6,0,0,0,0,0,0,0,0,0,0,0,0,0,0,0,0,0,0,0,0,0,0,0,138779.37,0,0,0,0,0,0,0,0,0,0,0
19,ENERMONT S.A . E.S.P.,48,MCURRUCU,17,EMGESA S.A. E.S.P.,PD,17,TOLIMA,17,TOLIMA,0,735,0,0,0,0,0,0,0,0,0,0,0,0,1,0,0,0,0,0,0,0,0,0,0,0,0,0,0,0,0,0,0,0,0,0,0,0,143851.31,0,0,0,0,0,0,0,0,0,0,0
0,EMPRESA DE ENERGÍA DEL PACÍFICO S.A. E.S.P.,0,ALBAN,17,EMGESA S.A. E.S.P.,PC,18,VALLECAU,17,TOLIMA,0,735,0,0,0,0,0,0,0,0,0,0,0,0,13.32,0,0,0,134.39,0,0,0,0,50.34,0,0,0,0,0,0,0,0,0,0,0,0,0,0,149186.67,0,0,0,121787.25,0,0,0,0,167846.11,0,0
2,EMGESA S.A E.S.P,103,ZIPAEMG5,17,EMGESA S.A. E.S.P.,PC,2,BOGOTA,17,TOLIMA,0,735,0,0,0,0,0,0,0,0,0,0,0,0,0,0,51.2,0,0,0,0,0,0,0,0,0,0,0,0,0,0,0,0,0,0,0,0,0,0,0,129395.3,0,0,0,0,0,0,0,0,0
2,EMGESA S.A E.S.P,101,ZIPAEMG3,17,EMGESA S.A. E.S.P.,PD,2,BOGOTA,17,TOLIMA,0,735,0,0,0,0,0,0,0,0,0,0,0,0,0,0,50.4,0,0,0,0,0,50.4,0,0,0,0,0,0,0,0,0,0,0,0,0,0,0,0,0,135649.42,0,0,0,0,0,138065.63,0,0,0
27,GESTIÓN ENERGÉTICA S.A. E.S.P.,73,PAIPA2,17,EMGESA S.A. E.S.P.,PC,14,NORDESTE,17,TOLIMA,0,735,0,0,0,0,0,0,0,0,0,0,0,0,0,0,0,0,0,56,0,0,0,0,0,0,0,0,0,0,0,0,0,0,0,0,0,0,0,0,0,0,0,131935.19,0,0,0,0,0,0
2,EMGESA S.A E.S.P,100,ZIPAEMG2,17,EMGESA S.A. E.S.P.,PC,2,BOGOTA,17,TOLIMA,0,735,0,0,0,0,0,0,0,0,0,0,0,0,0,0,0,0,0,27.2,0,0,0,0,0,0,0,0,0,0,0,0,0,0,0,0,0,0,0,0,0,0,0,143427.4,0,0,0,0,0,0
1,GENERADORA Y COMERCIALIZADORA DE ENERGÍA DEL CARIBE S.A. ESP,29,GUAJIR21,17,EMGESA S.A. E.S.P.,PC,9,GCM,17,TOLIMA,0,735,0,0,0,0,0,0,0,0,0,0,0,0,0,0,0,0,0,0,120.8,0,0,0,0,0,0,0,0,0,0,0,0,0,0,0,0,0,0,0,0,0,0,0,173264.94,0,0,0,0,0
0,EMPRESA DE ENERGÍA DEL PACÍFICO S.A. E.S.P.,96,TVALLE,17,EMGESA S.A. E.S.P.,PC,18,VALLECAU,17,TOLIMA,0,735,0,0,0,0,0,0,0,0,0,0,0,0,0,0,0,0,0,0,0,161.44,0,0,0,0,0,0,0,0,0,0,0,0,0,0,0,0,0,0,0,0,0,0,0,151740.15,0,0,0,0
2,EMGESA S.A E.S.P,3,BETANIA,17,EMGESA S.A. E.S.P.,PD,10,HUILACAQ,17,TOLIMA,0,735,0,0,0,0,0,0,0,0,0,0,0,0,0,0,0,0,0,0,0,0,22.77,0,0,0,0,0,0,0,0,0,0,0,0,0,0,0,0,0,0,0,0,0,0,0,152349.65,0,0,0
27,GESTIÓN ENERGÉTICA S.A. E.S.P.,74,PAIPA3,17,EMGESA S.A. E.S.P.,PD,14,NORDESTE,17,TOLIMA,0,735,0,0,0,0,0,0,0,0,0,0,0,0,0,0,0,0,0,0,0,0,0,56,0,23.67,0,0,0,0,0,0,0,0,0,0,0,0,0,0,0,0,0,0,0,0,0,157102.26,0,125667.95
2,EMGESA S.A E.S.P,71,PAGUA,10,ELECTRIFICADORA DEL HUILA S.A. E.S.P.,PC,15,PAGUA,10,HUILACAQ,0,735,75.21,0,0,0,69.48,39.04,79.11,0,0,0,0,0,0,0,0,0,0,0,0,0,0,0,0,0,78051.51,0,0,0,66907.73,65578.23,109793.1,0,0,0,0,0,0,0,0,0,0,0,0,0,0,0,0,0
11,EMPRESAS PÚBLICAS DE MEDELLÍN E.S.P.,78,PORCE2,10,ELECTRIFICADORA DEL HUILA S.A. E.S.P.,PD,0,ANTIOQUI,10,HUILACAQ,0,735,0,71.91,0,0,0,0,0,0,0,0,0,0,0,0,0,0,0,0,0,0,0,0,0,0,0,78333.85,0,0,0,0,0,0,0,0,0,0,0,0,0,0,0,0,0,0,0,0,0,0
12,ISAGEN S.A. E.S.P.,86,SANCARLOS,10,ELECTRIFICADORA DEL HUILA S.A. E.S.P.,PD,16,SANCARLO,10,HUILACAQ,0,735,0,0,69.73,0,0,0,0,0,0,0,0,0,0,0,0,0,0,0,0,0,0,0,0,0,0,0,71827.74,0,0,0,0,0,0,0,0,0,0,0,0,0,0,0,0,0,0,0,0,0
0,EMPRESA DE ENERGÍA DEL PACÍFICO S.A. E.S.P.,0,ALBAN,10,ELECTRIFICADORA DEL HUILA S.A. E.S.P.,PC,18,VALLECAU,10,HUILACAQ,0,735,0,0,0,68.51,0,0,0,86.06,0,0,0,0,0,0,0,0,0,0,0,0,0,0,0,0,0,0,0,92931.42,0,0,0,106785.3,0,0,0,0,0,0,0,0,0,0,0,0,0,0,0,0
19,ENERMONT S.A . E.S.P.,48,MCURRUCU,10,ELECTRIFICADORA DEL HUILA S.A. E.S.P.,PD,17,TOLIMA,10,HUILACAQ,0,735,0,0,0,0,0,1,0,0,0,0,1,0,0,0,0,0,0,0,0,0,0,0,0,1,0,0,0,0,0,117876.53,0,0,0,0,123791.83,0,0,0,0,0,0,0,0,0,0,0,0,118899.98
2,EMGESA S.A E.S.P,3,BETANIA,10,ELECTRIFICADORA DEL HUILA S.A. E.S.P.,PC,10,HUILACAQ,10,HUILACAQ,0,735,0,0,0,0,0,35.31,0,0,0,0,0,0,0,0,0,0,0,0,0,0,0,0,0,0,0,0,0,0,0,130119.08,0,0,0,0,0,0,0,0,0,0,0,0,0,0,0,0,0,0
9,TERMOFLORES S.A. E.S.P,25,FLORES3,10,ELECTRIFICADORA DEL HUILA S.A. E.S.P.,PD,1,ATLANTIC,10,HUILACAQ,0,735,0,0,0,0,0,0,0,0,68.57,0,0,0,0,0,0,0,0,0,0,0,0,0,0,0,0,0,0,0,0,0,0,0,107139.85,0,0,0,0,0,0,0,0,0,0,0,0,0,0,0
27,GESTIÓN ENERGÉTICA S.A. E.S.P.,72,PAIPA1,10,ELECTRIFICADORA DEL HUILA S.A. E.S.P.,PD,14,NORDESTE,10,HUILACAQ,0,735,0,0,0,0,0,0,0,0,24.8,0,0,0,0,0,0,0,0,0,0,0,0,0,0,0,0,0,0,0,0,0,0,0,130964.15,0,0,0,0,0,0,0,0,0,0,0,0,0,0,0
27,GESTIÓN ENERGÉTICA S.A. E.S.P.,74,PAIPA3,10,ELECTRIFICADORA DEL HUILA S.A. E.S.P.,PC,14,NORDESTE,10,HUILACAQ,0,735,0,0,0,0,0,0,0,0,0.47,0,0,0,0,0,56,0,0,0,0,0,0,0,0,0,0,0,0,0,0,0,0,0,140787.75,0,0,0,0,0,118342.09,0,0,0,0,0,0,0,0,0
29,TERMOTASAJERO S.A E.S.P.,88,TASAJER1,10,ELECTRIFICADORA DEL HUILA S.A. E.S.P.,PC,14,NORDESTE,10,HUILACAQ,0,735,0,0,0,0,0,0,0,0,0,3.71,0,0,0,0,0,0,0,0,0,0,0,0,0,0,0,0,0,0,0,0,0,0,0,131824.81,0,0,0,0,0,0,0,0,0,0,0,0,0,0
2,EMGESA S.A E.S.P,32,GUAVIO,10,ELECTRIFICADORA DEL HUILA S.A. E.S.P.,PC,2,BOGOTA,10,HUILACAQ,0,735,0,0,0,0,0,0,0,0,0,95.89,0,109.21,0,0,0,108.86,108.32,108.84,38.27,149.75,0,0,101.69,83.47,0,0,0,0,0,0,0,0,0,132157.87,0,116266.1,0,0,0,109185.58,114450.68,112306.49,123713.79,119869.98,0,0,97297.24,123314.56
12,ISAGEN S.A. E.S.P.,54,MIEL1,10,ELECTRIFICADORA DEL HUILA S.A. E.S.P.,PC,11,LAMIEL,10,HUILACAQ,0,735,0,0,0,0,0,0,0,0,0,0,103.97,0,0,0,51.44,0,0,0,0,0,0,0,0,0,0,0,0,0,0,0,0,0,0,0,129447.18,0,0,0,168517.27,0,0,0,0,0,0,0,0,0
2,EMGESA S.A E.S.P,101,ZIPAEMG3,10,ELECTRIFICADORA DEL HUILA S.A. E.S.P.,PC,2,BOGOTA,10,HUILACAQ,0,735,0,0,0,0,0,0,0,0,0,0,0,0,50.4,2.77,0,0,0,0,0,0,0,0,0,0,0,0,0,0,0,0,0,0,0,0,0,0,146747.83,139004.45,0,0,0,0,0,0,0,0,0,0
27,GESTIÓN ENERGÉTICA S.A. E.S.P.,73,PAIPA2,10,ELECTRIFICADORA DEL HUILA S.A. E.S.P.,PD,14,NORDESTE,10,HUILACAQ,0,735,0,0,0,0,0,0,0,0,0,0,0,0,34.16,0,0,0,0,0,0,0,56,0,0,0,0,0,0,0,0,0,0,0,0,0,0,0,157173.43,0,0,0,0,0,0,0,126686.39,0,0,0
2,EMGESA S.A E.S.P,102,ZIPAEMG4,10,ELECTRIFICADORA DEL HUILA S.A. E.S.P.,PD,2,BOGOTA,10,HUILACAQ,0,735,0,0,0,0,0,0,0,0,0,0,0,0,20.26,51.2,0,0,0,0,0,0,0,0,0,0,0,0,0,0,0,0,0,0,0,0,0,0,157378.32,137865.05,0,0,0,0,0,0,0,0,0,0
11,EMPRESAS PÚBLICAS DE MEDELLÍN E.S.P.,30,GUATAPE,10,ELECTRIFICADORA DEL HUILA S.A. E.S.P.,PC,0,ANTIOQUI,10,HUILACAQ,0,735,0,0,0,0,0,0,0,0,0,0,0,0,0,49.67,0,0,0,0,0,0,0,0,0,0,0,0,0,0,0,0,0,0,0,0,0,0,0,97636.9,0,0,0,0,0,0,0,0,0,0
2,EMGESA S.A E.S.P,103,ZIPAEMG5,10,ELECTRIFICADORA DEL HUILA S.A. E.S.P.,PD,2,BOGOTA,10,HUILACAQ,0,735,0,0,0,0,0,0,0,0,0,0,0,0,0,0,0,0,0,0,51.2,0,0,0,0,0,0,0,0,0,0,0,0,0,0,0,0,0,0,0,0,0,0,0,123457.47,0,0,0,0,0
22,CELSIA S.A E.S.P.,84,RPIEDRAS,10,ELECTRIFICADORA DEL HUILA S.A. E.S.P.,PC,0,ANTIOQUI,10,HUILACAQ,0,735,0,0,0,0,0,0,0,0,0,0,0,0,0,0,0,0,0,0,15.92,0,0,0,0,0,0,0,0,0,0,0,0,0,0,0,0,0,0,0,0,0,0,0,186061.87,0,0,0,0,0
1,GENERADORA Y COMERCIALIZADORA DE ENERGÍA DEL CARIBE S.A. ESP,92,TEBSA,10,ELECTRIFICADORA DEL HUILA S.A. E.S.P.,PD,1,ATLANTIC,10,HUILACAQ,0,735,0,0,0,0,0,0,0,0,0,0,0,0,0,0,0,0,0,0,39.55,0,0,0,0,0,0,0,0,0,0,0,0,0,0,0,0,0,0,0,0,0,0,0,211775.08,0,0,0,0,0
9,TERMOFLORES S.A. E.S.P,23,FLORES1,10,ELECTRIFICADORA DEL HUILA S.A. E.S.P.,PC,1,ATLANTIC,10,HUILACAQ,0,735,0,0,0,0,0,0,0,0,0,0,0,0,0,0,0,0,0,0,0,0,86.67,121.81,0,0,0,0,0,0,0,0,0,0,0,0,0,0,0,0,0,0,0,0,0,0,144438.41,144248.79,0,0
9,TERMOFLORES S.A. E.S.P,25,FLORES3,21,ECUADOR,PD,1,ATLANTIC,21,ECUADOR220,0,735,22.9,0,0,0,0,0,0,0,0,0,0,0,0,14.55,0,0,0,0,0,0,0,0,0,0,110286.01,0,0,0,0,0,0,0,0,0,0,0,0,123381.54,0,0,0,0,0,0,0,0,0,0
33,EMPRESA URRÁ S.A. E.S.P.,98,URRA,21,ECUADOR,PD,5,CERROMAT,21,ECUADOR220,0,735,100.18,0,119.7,117.8,0,0,0,0,0,0,13.58,0,0,0,0,0,0,0,0,0,0,0,0,0,113183.62,0,103489.3,98163.07,0,0,0,0,0,0,107230.17,0,0,0,0,0,0,0,0,0,0,0,0,0
12,ISAGEN S.A. E.S.P.,86,SANCARLOS,21,ECUADOR,PC,16,SANCARLO,21,ECUADOR220,0,735,0,123.93,0,0,33.56,105.45,0,0,0,0,0,0,0,0,0,0,0,0,0,0,0,0,0,0,0,74197.87,0,0,75544.49,80905.29,0,0,0,0,0,0,0,0,0,0,0,0,0,0,0,0,0,0
2,EMGESA S.A E.S.P,71,PAGUA,21,ECUADOR,PC,15,PAGUA,21,ECUADOR220,0,735,0,0,0,0,82.72,0,25.36,0,0,0,0,0,0,0,0,0,0,0,0,0,0,0,0,0,0,0,0,0,107356.96,0,89848.33,0,0,0,0,0,0,0,0,0,0,0,0,0,0,0,0,0
12,ISAGEN S.A. E.S.P.,54,MIEL1,21,ECUADOR,PD,11,LAMIEL,21,ECUADOR220,0,735,0,0,0,0,0,0,66.37,0,0,0,86.81,0,0,0,0,106.01,0,0,0,0,0,0,0,0,0,0,0,0,0,0,108853.87,0,0,0,123470.96,0,0,0,0,115769.79,0,0,0,0,0,0,0,0
2,EMGESA S.A E.S.P,32,GUAVIO,21,ECUADOR,PC,2,BOGOTA,21,ECUADOR220,0,735,0,0,0,0,0,0,0,93.45,0,0,0,46.84,0,91.61,0,0,8.76,66.99,0,58.15,0,0,94.39,0,0,0,0,0,0,0,0,94325.77,0,0,0,145334.09,0,137779.21,0,0,134923.22,107004.58,0,141515.3,0,0,130623.1,0
27,GESTIÓN ENERGÉTICA S.A. E.S.P.,74,PAIPA3,21,ECUADOR,PC,14,NORDESTE,21,ECUADOR220,0,735,0,0,0,0,0,0,0,0,55.53,0,0,0,0,0,0,0,0,0,0,0,0,0,0,0,0,0,0,0,0,0,0,0,161620.23,0,0,0,0,0,0,0,0,0,0,0,0,0,0,0
9,TERMOFLORES S.A. E.S.P,24,FLORES21,21,ECUADOR,PD,1,ATLANTIC,21,ECUADOR220,0,735,0,0,0,0,0,0,0,0,40.9,0,0,0,0,0,0,0,0,0,0,0,0,0,0,0,0,0,0,0,0,0,0,0,162710.78,0,0,0,0,0,0,0,0,0,0,0,0,0,0,0
9,TERMOFLORES S.A. E.S.P,23,FLORES1,21,ECUADOR,PC,1,ATLANTIC,21,ECUADOR220,0,735,0,0,0,0,0,0,0,0,0,98.47,0,0,0,0,0,0,0,0,0,0,0,0,0,0,0,0,0,0,0,0,0,0,0,143257.59,0,0,0,0,0,0,0,0,0,0,0,0,0,0
27,GESTIÓN ENERGÉTICA S.A. E.S.P.,73,PAIPA2,21,ECUADOR,PC,14,NORDESTE,21,ECUADOR220,0,735,0,0,0,0,0,0,0,0,0,0,0,56,0,0,0,0,0,0,0,0,0,0,0,0,0,0,0,0,0,0,0,0,0,0,0,143197.53,0,0,0,0,0,0,0,0,0,0,0,0
22,CELSIA S.A E.S.P.,84,RPIEDRAS,21,ECUADOR,PD,0,ANTIOQUI,21,ECUADOR220,0,735,0,0,0,0,0,0,0,0,0,0,0,0,15.92,0,15.92,0,0,0,0,0,0,0,0,0,0,0,0,0,0,0,0,0,0,0,0,0,142641.21,0,145628.89,0,0,0,0,0,0,0,0,0
3,AES CHIVOR & CÍA S.C.A. E.S.P.,5,CHIVOR,21,ECUADOR,PC,6,CHIVOR,21,ECUADOR220,0,735,0,0,0,0,0,0,0,0,0,0,0,0,85.16,0,0,0,0,0,0,0,0,0,0,0,0,0,0,0,0,0,0,0,0,0,0,0,165393.85,0,0,0,0,0,0,0,0,0,0,0
2,EMGESA S.A E.S.P,3,BETANIA,21,ECUADOR,PC,10,HUILACAQ,21,ECUADOR220,0,735,0,0,0,0,0,0,0,0,0,0,0,0,0,0,93.65,0,0,0,62.59,0,0,0,0,0,0,0,0,0,0,0,0,0,0,0,0,0,0,0,147503.61,0,0,0,159184.52,0,0,0,0,0
0,EMPRESA DE ENERGÍA DEL PACÍFICO S.A. E.S.P.,0,ALBAN,21,ECUADOR,PC,18,VALLECAU,21,ECUADOR220,0,735,0,0,0,0,0,0,0,0,0,0,0,0,0,0,0,0,84.64,0,0,0,0,29.21,0,122.45,0,0,0,0,0,0,0,0,0,0,0,0,0,0,0,0,120302.97,0,0,0,0,110898.9,0,100786.72
29,TERMOTASAJERO S.A E.S.P.,88,TASAJER1,21,ECUADOR,PC,14,NORDESTE,21,ECUADOR220,0,735,0,0,0,0,0,0,0,0,0,0,0,0,0,0,0,0,0,0,0,0,15.99,0,0,0,0,0,0,0,0,0,0,0,0,0,0,0,0,0,0,0,0,0,0,0,143503.32,0,0,0
0,EMPRESA DE ENERGÍA DEL PACÍFICO S.A. E.S.P.,96,TVALLE,21,ECUADOR,PC,18,VALLECAU,21,ECUADOR220,0,735,0,0,0,0,0,0,0,0,0,0,0,0,0,0,0,0,0,0,0,0,39.92,0,0,0,0,0,0,0,0,0,0,0,0,0,0,0,0,0,0,0,0,0,0,0,149684.2,0,0,0
2,EMGESA S.A E.S.P,103,ZIPAEMG5,21,ECUADOR,PC,2,BOGOTA,21,ECUADOR220,0,735,0,0,0,0,0,0,0,0,0,0,0,0,0,0,0,0,0,0,0,0,0,41.99,0,0,0,0,0,0,0,0,0,0,0,0,0,0,0,0,0,0,0,0,0,0,0,132093.46,0,0
2,EMGESA S.A E.S.P,71,PAGUA,13,ELECTRIFICADORA DEL META S.A. E.S.P.,PC,15,PAGUA,13,META,0,735,47.82,0,0,0,0,0,0,0,0,0,0,0,0,0,0,0,0,0,0,0,0,0,0,0,90212.05,0,0,0,0,0,0,0,0,0,0,0,0,0,0,0,0,0,0,0,0,0,0,0
33,EMPRESA URRÁ S.A. E.S.P.,98,URRA,13,ELECTRIFICADORA DEL META S.A. E.S.P.,PC,5,CERROMAT,13,META,0,735,23.44,0,0,0,0,0,0,0,0,0,0,0,0,0,0,0,0,0,0,0,0,0,0,0,95137.24,0,0,0,0,0,0,0,0,0,0,0,0,0,0,0,0,0,0,0,0,0,0,0
12,ISAGEN S.A. E.S.P.,86,SANCARLOS,13,ELECTRIFICADORA DEL META S.A. E.S.P.,PD,16,SANCARLO,13,META,0,735,0,67.76,65.74,0,0,70.17,0,0,0,0,0,0,0,0,0,0,0,0,0,0,0,0,0,0,0,86317.02,95921.67,0,0,77908.31,0,0,0,0,0,0,0,0,0,0,0,0,0,0,0,0,0,0
2,EMGESA S.A E.S.P,103,ZIPAEMG5,13,ELECTRIFICADORA DEL META S.A. E.S.P.,PC,2,BOGOTA,13,META,0,735,0,0,0,51.2,0,0,0,0,0,0,0,0,0,0,0,51.2,31.21,0,0,0,0,0,0,0,0,0,0,118846.68,0,0,0,0,0,0,0,0,0,0,0,126348.71,171326.86,0,0,0,0,0,0,0
27,GESTIÓN ENERGÉTICA S.A. E.S.P.,75,PAIPA4,13,ELECTRIFICADORA DEL META S.A. E.S.P.,PC,14,NORDESTE,13,META,0,735,0,0,0,14.03,0,0,0,0,0,0,0,0,0,0,0,0,0,0,0,0,0,0,0,0,0,0,0,124817.65,0,0,0,0,0,0,0,0,0,0,0,0,0,0,0,0,0,0,0,0
9,TERMOFLORES S.A. E.S.P,25,FLORES3,13,ELECTRIFICADORA DEL META S.A. E.S.P.,PC,1,ATLANTIC,13,META,0,735,0,0,0,0,65.57,0,0,0,0,0,0,0,0,0,0,0,0,0,0,0,0,0,0,0,0,0,0,0,92980.2,0,0,0,0,0,0,0,0,0,0,0,0,0,0,0,0,0,0,0
11,EMPRESAS PÚBLICAS DE MEDELLÍN E.S.P.,31,GUATRON,13,ELECTRIFICADORA DEL META S.A. E.S.P.,PD,0,ANTIOQUI,13,META,0,735,0,0,0,0,0,0,69.73,0,0,0,0,0,0,0,0,0,0,0,0,0,0,0,0,0,0,0,0,0,0,0,94905.46,0,0,0,0,0,0,0,0,0,0,0,0,0,0,0,0,0
0,EMPRESA DE ENERGÍA DEL PACÍFICO S.A. E.S.P.,0,ALBAN,13,ELECTRIFICADORA DEL META S.A. E.S.P.,PC,18,VALLECAU,13,META,0,735,0,0,0,0,0,0,0,24.68,0,0,0,0,0,0,0,0,0,0,0,0,0,0,0,78.68,0,0,0,0,0,0,0,95116.99,0,0,0,0,0,0,0,0,0,0,0,0,0,0,0,101330.22
11,EMPRESAS PÚBLICAS DE MEDELLÍN E.S.P.,78,PORCE2,13,ELECTRIFICADORA DEL META S.A. E.S.P.,PC,0,ANTIOQUI,13,META,0,735,0,0,0,0,0,0,0,51.75,0,0,0,0,0,0,0,0,0,0,0,0,0,0,0,0,0,0,0,0,0,0,0,126179.34,0,0,0,0,0,0,0,0,0,0,0,0,0,0,0,0
2,EMGESA S.A E.S.P,32,GUAVIO,13,ELECTRIFICADORA DEL META S.A. E.S.P.,PD,2,BOGOTA,13,META,0,735,0,0,0,0,0,0,0,0,87.09,0,0,0,101.34,0,100.99,22.12,0,100.4,0,0,0,5.56,0,0,0,0,0,0,0,0,0,0,123001.41,0,0,0,97280.78,0,151529.07,178720.84,0,115710.43,0,0,0,164028,0,0
2,EMGESA S.A E.S.P,102,ZIPAEMG4,13,ELECTRIFICADORA DEL META S.A. E.S.P.,PC,2,BOGOTA,13,META,0,735,0,0,0,0,0,0,0,0,0,51.2,0,0,0,0,0,0,51.2,0,0,0,0,51.2,0,0,0,0,0,0,0,0,0,0,0,127559.38,0,0,0,0,0,0,166571.56,0,0,0,0,126663.62,0,0
12,ISAGEN S.A. E.S.P.,54,MIEL1,13,ELECTRIFICADORA DEL META S.A. E.S.P.,PD,11,LAMIEL,13,META,0,735,0,0,0,0,0,0,0,0,0,42.63,0,102.9,0,63.28,0,0,0,0,0,0,0,0,92.65,0,0,0,0,0,0,0,0,0,0,136011.9,0,114386.48,0,133794.8,0,0,0,0,0,0,0,0,144374.52,0
27,GESTIÓN ENERGÉTICA S.A. E.S.P.,74,PAIPA3,13,ELECTRIFICADORA DEL META S.A. E.S.P.,PD,14,NORDESTE,13,META,0,735,0,0,0,0,0,0,0,0,0,0,12.61,0,0,0,0,0,0,0,0,0,0,0,0,0,0,0,0,0,0,0,0,0,0,0,115358.68,0,0,0,0,0,0,0,0,0,0,0,0,0
29,TERMOTASAJERO S.A E.S.P.,88,TASAJER1,13,ELECTRIFICADORA DEL META S.A. E.S.P.,PC,14,NORDESTE,13,META,0,735,0,0,0,0,0,0,0,0,0,0,86.74,0,0,0,0,0,0,0,0,110.78,0,0,0,0,0,0,0,0,0,0,0,0,0,0,143156.34,0,0,0,0,0,0,0,0,134328.17,0,0,0,0
27,GESTIÓN ENERGÉTICA S.A. E.S.P.,73,PAIPA2,13,ELECTRIFICADORA DEL META S.A. E.S.P.,PD,14,NORDESTE,13,META,0,735,0,0,0,0,0,0,0,0,0,0,0,0,0,36.81,0,0,0,0,0,12.5,0,0,0,0,0,0,0,0,0,0,0,0,0,0,0,0,0,136991.46,0,0,0,0,0,160800.13,0,0,0,0
2,EMGESA S.A E.S.P,100,ZIPAEMG2,13,ELECTRIFICADORA DEL META S.A. E.S.P.,PD,2,BOGOTA,13,META,0,735,0,0,0,0,0,0,0,0,0,0,0,0,0,0,0,27.2,0,0,0,0,0,0,0,0,0,0,0,0,0,0,0,0,0,0,0,0,0,0,0,165305.11,0,0,0,0,0,0,0,0
19,ENERMONT S.A . E.S.P.,48,MCURRUCU,13,ELECTRIFICADORA DEL META S.A. E.S.P.,PD,17,TOLIMA,13,META,0,735,0,0,0,0,0,0,0,0,0,0,0,0,0,0,0,0,1,0,0,0,0,0,0,0,0,0,0,0,0,0,0,0,0,0,0,0,0,0,0,0,151839.07,0,0,0,0,0,0,0
22,CELSIA S.A E.S.P.,84,RPIEDRAS,13,ELECTRIFICADORA DEL META S.A. E.S.P.,PC,0,ANTIOQUI,13,META,0,735,0,0,0,0,0,0,0,0,0,0,0,0,0,0,0,0,15.92,0,0,0,0,0,0,0,0,0,0,0,0,0,0,0,0,0,0,0,0,0,0,0,160197.66,0,0,0,0,0,0,0
2,EMGESA S.A E.S.P,3,BETANIA,13,ELECTRIFICADORA DEL META S.A. E.S.P.,PC,10,HUILACAQ,13,META,0,735,0,0,0,0,0,0,0,0,0,0,0,0,0,0,0,0,0,0,122.46,0,30.61,0,0,0,0,0,0,0,0,0,0,0,0,0,0,0,0,0,0,0,0,0,159073.5,0,163762.45,0,0,0
9,TERMOFLORES S.A. E.S.P,24,FLORES21,13,ELECTRIFICADORA DEL META S.A. E.S.P.,PD,1,ATLANTIC,13,META,0,735,0,0,0,0,0,0,0,0,0,0,0,0,0,0,0,0,0,0,0,0,89.6,0,0,0,0,0,0,0,0,0,0,0,0,0,0,0,0,0,0,0,0,0,0,0,141985.74,0,0,0
2,EMGESA S.A E.S.P,101,ZIPAEMG3,13,ELECTRIFICADORA DEL META S.A. E.S.P.,PC,2,BOGOTA,13,META,0,735,0,0,0,0,0,0,0,0,0,0,0,0,0,0,0,0,0,0,0,0,0,50.4,0,0,0,0,0,0,0,0,0,0,0,0,0,0,0,0,0,0,0,0,0,0,0,135220.1,0,0
33,EMPRESA URRÁ S.A. E.S.P.,98,URRA,16,ISAGEN S.A. E.S.P.,PC,5,CERROMAT,16,SANCARLO,0,735,48.7,0,21.9,15.73,48.42,51.67,37.69,0,0,0,0,0,0,0,0,0,0,0,0,0,0,0,0,0,97528.37,0,106107.75,88552.25,104111.06,100828.98,104138.68,0,0,0,0,0,0,0,0,0,0,0,0,0,0,0,0,0
11,EMPRESAS PÚBLICAS DE MEDELLÍN E.S.P.,78,PORCE2,16,ISAGEN S.A. E.S.P.,PC,0,ANTIOQUI,16,SANCARLO,0,735,0,49.98,0,0,0,0,0,52.28,0,0,0,0,0,0,0,0,0,0,0,0,0,0,0,0,0,117979.83,0,0,0,0,0,79881.9,0,0,0,0,0,0,0,0,0,0,0,0,0,0,0,0
12,ISAGEN S.A. E.S.P.,34,JAGUAS,16,ISAGEN S.A. E.S.P.,PD,0,ANTIOQUI,16,SANCARLO,0,735,0,0,27.88,0,0,0,0,0,0,0,0,0,0,0,0,0,0,0,0,0,0,0,0,0,0,0,72447.94,0,0,0,0,0,0,0,0,0,0,0,0,0,0,0,0,0,0,0,0,0
27,GESTIÓN ENERGÉTICA S.A. E.S.P.,72,PAIPA1,16,ISAGEN S.A. E.S.P.,PC,14,NORDESTE,16,SANCARLO,0,735,0,0,0,24.8,0,0,0,0,0,0,0,0,0,0,0,0,0,0,0,0,0,0,0,0,0,0,0,115888.32,0,0,0,0,0,0,0,0,0,0,0,0,0,0,0,0,0,0,0,0
9,TERMOFLORES S.A. E.S.P,25,FLORES3,16,ISAGEN S.A. E.S.P.,PD,1,ATLANTIC,16,SANCARLO,0,735,0,0,0,9.89,0,0,0,0,0,0,0,0,0,0,0,0,0,0,0,0,0,0,0,0,0,0,0,130797.31,0,0,0,0,0,0,0,0,0,0,0,0,0,0,0,0,0,0,0,0
2,EMGESA S.A E.S.P,71,PAGUA,16,ISAGEN S.A. E.S.P.,PD,15,PAGUA,16,SANCARLO,0,735,0,0,0,0,3.1,0,0,0,0,0,0,0,0,0,0,0,0,0,0,0,0,0,0,0,0,0,0,0,70239.36,0,0,0,0,0,0,0,0,0,0,0,0,0,0,0,0,0,0,0
11,EMPRESAS PÚBLICAS DE MEDELLÍN E.S.P.,31,GUATRON,16,ISAGEN S.A. E.S.P.,PC,0,ANTIOQUI,16,SANCARLO,0,735,0,0,0,0,0,0,13.5,0,0,0,0,0,0,0,0,0,0,0,0,0,0,0,0,0,0,0,0,0,0,0,97002.78,0,0,0,0,0,0,0,0,0,0,0,0,0,0,0,0,0
27,GESTIÓN ENERGÉTICA S.A. E.S.P.,73,PAIPA2,16,ISAGEN S.A. E.S.P.,PD,14,NORDESTE,16,SANCARLO,0,735,0,0,0,0,0,0,0,0,52.84,0,0,0,0,0,0,0,0,0,0,0,0,0,0,0,0,0,0,0,0,0,0,0,139633.58,0,0,0,0,0,0,0,0,0,0,0,0,0,0,0
12,ISAGEN S.A. E.S.P.,54,MIEL1,16,ISAGEN S.A. E.S.P.,PC,11,LAMIEL,16,SANCARLO,0,735,0,0,0,0,0,0,0,0,0,52.61,52.17,0,0,0,0,53.98,0,0,0,0,0,0,0,0,0,0,0,0,0,0,0,0,0,106290.49,105712.19,0,0,0,0,128147.8,0,0,0,0,0,0,0,0
2,EMGESA S.A E.S.P,103,ZIPAEMG5,16,ISAGEN S.A. E.S.P.,PD,2,BOGOTA,16,SANCARLO,0,735,0,0,0,0,0,0,0,0,0,0,0,43.83,0,0,0,0,0,0,0,0,0,0,0,0,0,0,0,0,0,0,0,0,0,0,0,128983.93,0,0,0,0,0,0,0,0,0,0,0,0
2,EMGESA S.A E.S.P,100,ZIPAEMG2,16,ISAGEN S.A. E.S.P.,PD,2,BOGOTA,16,SANCARLO,0,735,0,0,0,0,0,0,0,0,0,0,0,8.88,6.13,0,0,0,0,0,0,0,0,0,0,0,0,0,0,0,0,0,0,0,0,0,0,138116.47,171712.63,0,0,0,0,0,0,0,0,0,0,0
2,EMGESA S.A E.S.P,102,ZIPAEMG4,16,ISAGEN S.A. E.S.P.,PD,2,BOGOTA,16,SANCARLO,0,735,0,0,0,0,0,0,0,0,0,0,0,0,30.94,0,0,0,0,0,0,0,0,0,0,0,0,0,0,0,0,0,0,0,0,0,0,0,124676.54,0,0,0,0,0,0,0,0,0,0,0
17,CENTRAL TERMOELECTRICA EL MORRO 2 S.A.S. E.S.P.,45,MCIMARR1,16,ISAGEN S.A. E.S.P.,PC,14,NORDESTE,16,SANCARLO,0,735,0,0,0,0,0,0,0,0,0,0,0,0,15.92,0,0,0,0,0,0,0,0,0,0,0,0,0,0,0,0,0,0,0,0,0,0,0,140844.75,0,0,0,0,0,0,0,0,0,0,0
2,EMGESA S.A E.S.P,32,GUAVIO,16,ISAGEN S.A. E.S.P.,PC,2,BOGOTA,16,SANCARLO,0,735,0,0,0,0,0,0,0,0,0,0,0,0,0,53.39,0,0,54.11,55.6,0,60.71,0,54.04,0,39.37,0,0,0,0,0,0,0,0,0,0,0,0,0,136798.23,0,0,121013.49,98411.33,0,99042.49,0,116886.85,0,115617.01
9,TERMOFLORES S.A. E.S.P,24,FLORES21,16,ISAGEN S.A. E.S.P.,PD,1,ATLANTIC,16,SANCARLO,0,735,0,0,0,0,0,0,0,0,0,0,0,0,0,0,53.6,0,0,0,0,0,0,0,0,0,0,0,0,0,0,0,0,0,0,0,0,0,0,0,142758.86,0,0,0,0,0,0,0,0,0
29,TERMOTASAJERO S.A E.S.P.,88,TASAJER1,16,ISAGEN S.A. E.S.P.,PC,14,NORDESTE,16,SANCARLO,0,735,0,0,0,0,0,0,0,0,0,0,0,0,0,0,0,0,0,0,62.63,0,0,0,0,0,0,0,0,0,0,0,0,0,0,0,0,0,0,0,0,0,0,0,133064.58,0,0,0,0,0
9,TERMOFLORES S.A. E.S.P,23,FLORES1,16,ISAGEN S.A. E.S.P.,PD,1,ATLANTIC,16,SANCARLO,0,735,0,0,0,0,0,0,0,0,0,0,0,0,0,0,0,0,0,0,0,0,41.33,0,0,0,0,0,0,0,0,0,0,0,0,0,0,0,0,0,0,0,0,0,0,0,151999.02,0,0,0
2,EMGESA S.A E.S.P,3,BETANIA,16,ISAGEN S.A. E.S.P.,PD,10,HUILACAQ,16,SANCARLO,0,735,0,0,0,0,0,0,0,0,0,0,0,0,0,0,0,0,0,0,0,0,18,0,0,0,0,0,0,0,0,0,0,0,0,0,0,0,0,0,0,0,0,0,0,0,174108.64,0,0,0
2,EMGESA S.A E.S.P,101,ZIPAEMG3,16,ISAGEN S.A. E.S.P.,PD,2,BOGOTA,16,SANCARLO,0,735,0,0,0,0,0,0,0,0,0,0,0,0,0,0,0,0,0,0,0,0,0,0,50.4,0,0,0,0,0,0,0,0,0,0,0,0,0,0,0,0,0,0,0,0,0,0,0,129824.64,0
1,GENERADORA Y COMERCIALIZADORA DE ENERGÍA DEL CARIBE S.A. ESP,92,TEBSA,16,ISAGEN S.A. E.S.P.,PC,1,ATLANTIC,16,SANCARLO,0,735,0,0,0,0,0,0,0,0,0,0,0,0,0,0,0,0,0,0,0,0,0,0,1.17,0,0,0,0,0,0,0,0,0,0,0,0,0,0,0,0,0,0,0,0,0,0,0,150230.81,0
0,EMPRESA DE ENERGÍA DEL PACÍFICO S.A. E.S.P.,0,ALBAN,16,ISAGEN S.A. E.S.P.,PC,18,VALLECAU,16,SANCARLO,0,735,0,0,0,0,0,0,0,0,0,0,0,0,0,0,0,0,0,0,0,0,0,0,0,10.88,0,0,0,0,0,0,0,0,0,0,0,0,0,0,0,0,0,0,0,0,0,0,0,108304.35
2,EMGESA S.A E.S.P,32,GUAVIO,19,ELECTRIFICADORA DE SANTANDER S.A.,PD,2,BOGOTA,19,COROZO,0,735,0,0,0,0,0,0,0,0,4.56,0,6.95,14.42,14.61,13.53,0,0,0,0,0,17.36,0,17.69,0,0,0,0,0,0,0,0,0,0,127709.55,0,122697.76,94049.42,122010.98,123381.45,0,0,0,0,0,137384.75,0,119096.87,0,0
12,ISAGEN S.A. E.S.P.,54,MIEL1,19,ELECTRIFICADORA DE SANTANDER S.A.,PC,11,LAMIEL,19,COROZO,0,735,0,0,0,0,0,0,0,0,0,6.24,0,0,0,0,14.37,14.37,0,0,0,0,0,0,0,0,0,0,0,0,0,0,0,0,0,113138.45,0,0,0,0,117937.48,111127.33,0,0,0,0,0,0,0,0
19,ENERMONT S.A . E.S.P.,48,MCURRUCU,19,ELECTRIFICADORA DE SANTANDER S.A.,PD,17,TOLIMA,19,COROZO,0,735,0,0,0,0,0,0,0,0,0,0,0,0,0,1,0,0,0,0,0,0,0,0,0,0,0,0,0,0,0,0,0,0,0,0,0,0,0,120900.62,0,0,0,0,0,0,0,0,0,0
27,GESTIÓN ENERGÉTICA S.A. E.S.P.,73,PAIPA2,19,ELECTRIFICADORA DE SANTANDER S.A.,PD,14,NORDESTE,19,COROZO,0,735,0,0,0,0,0,0,0,0,0,0,0,0,0,0,0,0,14.41,0,0,0,0,0,0,0,0,0,0,0,0,0,0,0,0,0,0,0,0,0,0,0,124712.65,0,0,0,0,0,0,0
29,TERMOTASAJERO S.A E.S.P.,88,TASAJER1,19,ELECTRIFICADORA DE SANTANDER S.A.,PC,14,NORDESTE,19,COROZO,0,735,0,0,0,0,0,0,0,0,0,0,0,0,0,0,0,0,0,17.45,0,0,0,0,0,0,0,0,0,0,0,0,0,0,0,0,0,0,0,0,0,0,0,158580.61,0,0,0,0,0,0
3,AES CHIVOR & CÍA S.C.A. E.S.P.,5,CHIVOR,19,ELECTRIFICADORA DE SANTANDER S.A.,PC,6,CHIVOR,19,COROZO,0,735,0,0,0,0,0,0,0,0,0,0,0,0,0,0,0,0,0,0,17.4,0,0,0,0,0,0,0,0,0,0,0,0,0,0,0,0,0,0,0,0,0,0,0,169338.5,0,0,0,0,0
17,CENTRAL TERMOELECTRICA EL MORRO 2 S.A.S. E.S.P.,45,MCIMARR1,19,ELECTRIFICADORA DE SANTANDER S.A.,PC,14,NORDESTE,19,COROZO,0,735,0,0,0,0,0,0,0,0,0,0,0,0,0,0,0,0,0,0,0,0,15.92,0,0,0,0,0,0,0,0,0,0,0,0,0,0,0,0,0,0,0,0,0,0,0,167482.75,0,0,0
22,CELSIA S.A E.S.P.,84,RPIEDRAS,19,ELECTRIFICADORA DE SANTANDER S.A.,PD,0,ANTIOQUI,19,COROZO,0,735,0,0,0,0,0,0,0,0,0,0,0,0,0,0,0,0,0,0,0,0,1.48,0,0,0,0,0,0,0,0,0,0,0,0,0,0,0,0,0,0,0,0,0,0,0,172481.2,0,0,0
2,EMGESA S.A E.S.P,103,ZIPAEMG5,19,ELECTRIFICADORA DE SANTANDER S.A.,PC,2,BOGOTA,19,COROZO,0,735,0,0,0,0,0,0,0,0,0,0,0,0,0,0,0,0,0,0,0,0,0,0,17.65,0,0,0,0,0,0,0,0,0,0,0,0,0,0,0,0,0,0,0,0,0,0,0,128903.26,0
27,GESTIÓN ENERGÉTICA S.A. E.S.P.,75,PAIPA4,19,ELECTRIFICADORA DE SANTANDER S.A.,PD,14,NORDESTE,19,COROZO,0,735,0,0,0,0,0,0,0,0,0,0,0,0,0,0,0,0,0,0,0,0,0,0,0,0.1,0,0,0,0,0,0,0,0,0,0,0,0,0,0,0,0,0,0,0,0,0,0,0,101363.15
33,EMPRESA URRÁ S.A. E.S.P.,98,URRA,20,ISAGEN S.A. E.S.P.,PC,5,CERROMAT,20,CUATRICENTENARIO,0,735,0.22,0,0,0,0,0,0,0,0,0,0,0,0,0,0,0,0,0,0,0,0,0,0,0,137979.47,0,0,0,0,0,0,0,0,0,0,0,0,0,0,0,0,0,0,0,0,0,0,0
12,ISAGEN S.A. E.S.P.,86,SANCARLOS,20,ISAGEN S.A. E.S.P.,PD,16,SANCARLO,20,CUATRICENTENARIO,0,735,0,0.22,0.22,0,0,0,0,0,0,0,0,0,0,0,0,0,0,0,0,0,0,0,0,0,0,104049.3,95916.44,0,0,0,0,0,0,0,0,0,0,0,0,0,0,0,0,0,0,0,0,0
11,EMPRESAS PÚBLICAS DE MEDELLÍN E.S.P.,31,GUATRON,20,ISAGEN S.A. E.S.P.,PC,0,ANTIOQUI,20,CUATRICENTENARIO,0,735,0,0,0,0.22,0,0,0,0,0,0,0,0,0,0,0,0,0,0,0,0,0,0,0,0,0,0,0,136744.62,0,0,0,0,0,0,0,0,0,0,0,0,0,0,0,0,0,0,0,0
27,GESTIÓN ENERGÉTICA S.A. E.S.P.,72,PAIPA1,20,ISAGEN S.A. E.S.P.,PC,14,NORDESTE,20,CUATRICENTENARIO,0,735,0,0,0,0,0.22,0,0,0,0,0,0,0,0,0,0,0,0,0,0,0,0,0,0,0,0,0,0,0,101734.9,0,0,0,0,0,0,0,0,0,0,0,0,0,0,0,0,0,0,0
0,EMPRESA DE ENERGÍA DEL PACÍFICO S.A. E.S.P.,0,ALBAN,20,ISAGEN S.A. E.S.P.,PD,18,VALLECAU,20,CUATRICENTENARIO,0,735,0,0,0,0,0,0.22,0,0,0,0,0,0,0,0,0,0,0,0,0,0,0,0,0,0,0,0,0,0,0,94123.43,0,0,0,0,0,0,0,0,0,0,0,0,0,0,0,0,0,0
9,TERMOFLORES S.A. E.S.P,25,FLORES3,20,ISAGEN S.A. E.S.P.,PD,1,ATLANTIC,20,CUATRICENTENARIO,0,735,0,0,0,0,0,0,0.22,0,0,0,0,0,0,0,0,0,0,0,0,0,0,0,0,0,0,0,0,0,0,0,112303.29,0,0,0,0,0,0,0,0,0,0,0,0,0,0,0,0,0
2,EMGESA S.A E.S.P,32,GUAVIO,20,ISAGEN S.A. E.S.P.,PD,2,BOGOTA,20,CUATRICENTENARIO,0,735,0,0,0,0,0,0,0,0.22,0.3,0,7.1,11.1,11.53,0,0,0,0,0,0,13.9,0,13.87,0,0,0,0,0,0,0,0,0,98804.46,114521.41,0,136054.09,97412.25,135124.36,0,0,0,0,0,0,157882.27,0,123481,0,0
2,EMGESA S.A E.S.P,101,ZIPAEMG3,20,ISAGEN S.A. E.S.P.,PC,2,BOGOTA,20,CUATRICENTENARIO,0,735,0,0,0,0,0,0,0,0,0,2.49,0,0,0,0,0,0,0,0,0,0,0,0,0,0,0,0,0,0,0,0,0,0,0,130180.28,0,0,0,0,0,0,0,0,0,0,0,0,0,0
2,EMGESA S.A E.S.P,3,BETANIA,20,ISAGEN S.A. E.S.P.,PC,10,HUILACAQ,20,CUATRICENTENARIO,0,735,0,0,0,0,0,0,0,0,0,0,0,0,0,11.52,0,0,0,0,0,0,0,0,0,0,0,0,0,0,0,0,0,0,0,0,0,0,0,127630.86,0,0,0,0,0,0,0,0,0,0
12,ISAGEN S.A. E.S.P.,54,MIEL1,20,ISAGEN S.A. E.S.P.,PD,11,LAMIEL,20,CUATRICENTENARIO,0,735,0,0,0,0,0,0,0,0,0,0,0,0,0,0,11.56,0,0,0,0,0,0,0,0,0,0,0,0,0,0,0,0,0,0,0,0,0,0,0,106506.99,0,0,0,0,0,0,0,0,0
29,TERMOTASAJERO S.A E.S.P.,88,TASAJER1,20,ISAGEN S.A. E.S.P.,PD,14,NORDESTE,20,CUATRICENTENARIO,0,735,0,0,0,0,0,0,0,0,0,0,0,0,0,0,0,11.61,0,0,0,0,0,0,0,0,0,0,0,0,0,0,0,0,0,0,0,0,0,0,0,161311.62,0,0,0,0,0,0,0,0
27,GESTIÓN ENERGÉTICA S.A. E.S.P.,73,PAIPA2,20,ISAGEN S.A. E.S.P.,PC,14,NORDESTE,20,CUATRICENTENARIO,0,735,0,0,0,0,0,0,0,0,0,0,0,0,0,0,0,0,11.28,0,0,0,0,0,0,0,0,0,0,0,0,0,0,0,0,0,0,0,0,0,0,0,129001.56,0,0,0,0,0,0,0
1,GENERADORA Y COMERCIALIZADORA DE ENERGÍA DEL CARIBE S.A. ESP,92,TEBSA,20,ISAGEN S.A. E.S.P.,PD,1,ATLANTIC,20,CUATRICENTENARIO,0,735,0,0,0,0,0,0,0,0,0,0,0,0,0,0,0,0,0,13.81,0,0,0,0,14.02,0,0,0,0,0,0,0,0,0,0,0,0,0,0,0,0,0,0,148450.53,0,0,0,0,158835.65,0
9,TERMOFLORES S.A. E.S.P,23,FLORES1,20,ISAGEN S.A. E.S.P.,PD,1,ATLANTIC,20,CUATRICENTENARIO,0,735,0,0,0,0,0,0,0,0,0,0,0,0,0,0,0,0,0,0,13.9,0,0,0,0,0,0,0,0,0,0,0,0,0,0,0,0,0,0,0,0,0,0,0,160253.33,0,0,0,0,0
3,AES CHIVOR & CÍA S.C.A. E.S.P.,5,CHIVOR,20,ISAGEN S.A. E.S.P.,PC,6,CHIVOR,20,CUATRICENTENARIO,0,735,0,0,0,0,0,0,0,0,0,0,0,0,0,0,0,0,0,0,0,0,13.99,0,0,0,0,0,0,0,0,0,0,0,0,0,0,0,0,0,0,0,0,0,0,0,164549.55,0,0,0
27,GESTIÓN ENERGÉTICA S.A. E.S.P.,74,PAIPA3,20,ISAGEN S.A. E.S.P.,PD,14,NORDESTE,20,CUATRICENTENARIO,0,735,0,0,0,0,0,0,0,0,0,0,0,0,0,0,0,0,0,0,0,0,0,0,0,1.21,0,0,0,0,0,0,0,0,0,0,0,0,0,0,0,0,0,0,0,0,0,0,0,115348
