11,EMPRESAS PÚBLICAS DE MEDELLÍN E.S.P.,80,PORCE3,2,EMGESA S.A. E.S.P.,PC,0,ANTIOQUI,2,BOGOTA,0,735,528,528,528,528,528,528,528,528,528,528,528,528,528,528,528,528,528,528,528,528,528,528,528,528,20534.74,26724.55,27924.51,35130.73,23053.47,33495.94,15916.89,17788.35,19110.89,15980.08,25320.75,25667.86,23850.63,33809.95,17098.31,20548.01,17595.44,22581.86,33464.35,33737.38,23803.61,19883.05,19505.91,19288.2
26,TERMOYOPAL GENERACION 2 S.A.S E.S.P.,97,TYOPAL2,2,EMGESA S.A. E.S.P.,PC,14,NORDESTE,2,BOGOTA,0,735,24,0,0,24,24,24,24,24,0,24,0,24,24,24,24,0,0,24,0,0,24,24,0,24,53088.76,0,0,67209.61,69881.52,61968.83,72971.93,89969.31,0,54589.38,0,63774.81,55652.15,95087.67,97447.49,0,0,81886.23,0,0,64592.39,65114.5,0,53824.1
11,EMPRESAS PÚBLICAS DE MEDELLÍN E.S.P.,28,GUATAPE,2,EMGESA S.A. E.S.P.,PC,0,ANTIOQUI,2,BOGOTA,0,735,350.32,0,0,0,0,26.43,0,448,0,0,0,448,0,0,0,251.76,448,0,0,0,0,448,0,0,70184.9,0,0,0,0,76524.26,0,78635.79,0,0,0,71888.83,0,0,0,97989.46,69612.58,0,0,0,0,69310.6,0,0
2,EMGESA S.A E.S.P,73,PAGUA,2,EMGESA S.A. E.S.P.,PC,15,PAGUA,2,BOGOTA,0,735,0,325.59,0,0,0,480,168.86,0,0,0,480,0,0,480,0,0,360.15,480,0,480,0,0,0,452.47,0,69908.81,0,0,0,71754.24,73815.91,0,0,0,72366.19,0,0,91726.22,0,0,74824.53,88908.82,0,76130.53,0,0,0,65256.27
11,EMPRESAS PÚBLICAS DE MEDELLÍN E.S.P.,33,LATASAJERA,2,EMGESA S.A. E.S.P.,PC,0,ANTIOQUI,2,BOGOTA,0,735,0,0,244.8,0,244.8,0,244.8,0,0,0,0,244.8,241.16,0,0,0,0,0,244.8,244.8,0,228.9,244.8,0,0,0,61496.81,0,72505.47,0,70858.68,0,0,0,0,70308.29,88385.93,0,0,0,0,0,78945.43,78448.78,0,90058.27,71928.07,0
12,ISAGEN S.A. E.S.P.,86,SANCARLOS,2,EMGESA S.A. E.S.P.,PD,16,SANCARLO,2,BOGOTA,0,735,0,0,58.4,277.91,0,0,0,0,776.4,814.3,0,34.6,0,347.19,0,0,0,0,0,207.87,880.7,0,250.28,0,0,0,74123.8,70791.67,0,0,0,0,75506.68,68918.19,0,92348.19,0,99843.42,0,0,0,0,0,80912.65,79702.74,0,81353.54,0
12,ISAGEN S.A. E.S.P.,32,JAGUAS,2,EMGESA S.A. E.S.P.,PC,0,ANTIOQUI,2,BOGOTA,0,735,0,0,0,0,99.31,0,0,0,0,0,0,0,136,0,136,0,0,136,0,0,0,0,0,0,0,0,0,0,76781.64,0,0,0,0,0,0,0,85076.65,0,96155.83,0,0,94754.39,0,0,0,0,0,0
11,EMPRESAS PÚBLICAS DE MEDELLÍN E.S.P.,78,PLAYAS,2,EMGESA S.A. E.S.P.,PC,0,ANTIOQUI,2,BOGOTA,0,735,0,0,0,0,0,0,160.8,160.8,0,0,160.8,160.8,160.8,0,160.8,160.8,0,160.8,93.43,160.8,160.8,160.8,160.8,0,0,0,0,0,0,0,67150.76,88565.27,0,0,64406.53,57235.59,52835.94,0,91864.41,54673.71,0,56584.06,97089.52,73558.78,78337.06,59912.47,71321.41,0
38,HIDROELÉCTRICA PESCADERO ITUANGO S.A. E.S.P.,113,ITUANGO,2,EMGESA S.A. E.S.P.,PC,0,ANTIOQUI,2,BOGOTA,0,735,0,0,0,0,0,0,0,40.94,0,0,0,0,0,0,0,0,0,0,0,0,0,0,0,0,0,0,0,0,0,0,0,92961,0,0,0,0,0,0,0,0,0,0,0,0,0,0,0,0
11,EMPRESAS PÚBLICAS DE MEDELLÍN E.S.P.,29,GUATRON,2,EMGESA S.A. E.S.P.,PC,0,ANTIOQUI,2,BOGOTA,0,735,0,0,0,0,0,0,0,0,0,0,241.84,0,0,0,0,409.6,0,0,409.6,0,0,0,0,0,0,0,0,0,0,0,0,0,0,0,85547.71,0,0,0,0,87702.55,0,0,88783.88,0,0,0,0,0
11,EMPRESAS PÚBLICAS DE MEDELLÍN E.S.P.,79,PORCE2,2,EMGESA S.A. E.S.P.,PC,0,ANTIOQUI,2,BOGOTA,0,735,0,0,0,0,0,0,0,0,0,0,0,0,324,0,0,0,0,0,0,0,0,0,0,0,0,0,0,0,0,0,0,0,0,0,0,0,85691.4,0,0,0,0,0,0,0,0,0,0,0
27,GESTIÓN ENERGÉTICA S.A. E.S.P.,77,PAIPA4,2,EMGESA S.A. E.S.P.,PC,14,NORDESTE,2,BOGOTA,0,735,0,0,0,0,0,0,0,0,0,0,0,0,0,0,120,0,0,0,0,0,0,0,0,0,0,0,0,0,0,0,0,0,0,0,0,0,0,0,98060.18,0,0,0,0,0,0,0,0,0
12,ISAGEN S.A. E.S.P.,108,SOGAMOSO,2,EMGESA S.A. E.S.P.,PC,14,NORDESTE,2,BOGOTA,0,735,0,0,0,0,0,0,0,0,0,0,0,0,0,0,393.47,0,0,0,0,0,0,0,0,0,0,0,0,0,0,0,0,0,0,0,0,0,0,0,100897.6,0,0,0,0,0,0,0,0,0
0,EMPRESA DE ENERGÍA DEL PACÍFICO S.A. E.S.P.,0,ALBAN,2,EMGESA S.A. E.S.P.,PC,18,VALLECAU,2,BOGOTA,0,735,0,0,0,0,0,0,0,0,0,0,0,0,0,0,0,0,0,19.88,0,0,0,0,0,0,0,0,0,0,0,0,0,0,0,0,0,0,0,0,0,0,0,103249.17,0,0,0,0,0,0
12,ISAGEN S.A. E.S.P.,104,AMOYA,2,EMGESA S.A. E.S.P.,PD,17,TOLIMA,2,BOGOTA,0,735,0,0,0,0,0,0,0,0,0,0,0,0,0,0,0,0,0,0,62.4,0,0,0,0,0,0,0,0,0,0,0,0,0,0,0,0,0,0,0,0,0,0,0,91020.73,0,0,0,0,0
33,EMPRESA URRÁ S.A. E.S.P.,98,URRA,2,EMGESA S.A. E.S.P.,PC,5,CERROMAT,2,BOGOTA,0,735,0,0,0,0,0,0,0,0,0,0,0,0,0,0,0,0,0,0,270.4,0,0,0,0,0,0,0,0,0,0,0,0,0,0,0,0,0,0,0,0,0,0,0,92151.19,0,0,0,0,0
11,EMPRESAS PÚBLICAS DE MEDELLÍN E.S.P.,33,LATASAJERA,0,EMPRESAS PUBLICAS DE MEDELLIN E.S.P.,PD,0,ANTIOQUI,0,ANTIOQUI,0,735,244.8,0,0,244.8,0,0,0,0,244.8,0,244.8,0,3.64,0,244.8,125.34,0,0,0,0,56.38,15.9,0,0,61762.53,0,0,70060.59,0,0,0,0,71512.55,0,71302.76,0,71995.97,0,66606.55,98920.34,0,0,0,0,115915.6,58742.26,0,0
2,EMGESA S.A E.S.P,73,PAGUA,0,EMPRESAS PUBLICAS DE MEDELLIN E.S.P.,PD,15,PAGUA,0,ANTIOQUI,0,735,227,0,0,0,0,0,0,0,0,0,0,0,0,0,0,480,0,0,60.66,0,480,0,154.27,27.53,73973.53,0,0,0,0,0,0,0,0,0,0,0,0,0,0,82471.35,0,0,103788.1,0,93739.58,0,89211.42,74154.3
12,ISAGEN S.A. E.S.P.,32,JAGUAS,0,EMPRESAS PUBLICAS DE MEDELLIN E.S.P.,PD,0,ANTIOQUI,0,ANTIOQUI,0,735,0,136,0,0,0,0,0,0,0,0,0,0,0,0,0,136,0,0,0,136,0,0,136,0,0,72808.34,0,0,0,0,0,0,0,0,0,0,0,0,0,96028.49,0,0,0,86398.74,0,0,77683.08,0
12,ISAGEN S.A. E.S.P.,86,SANCARLOS,0,EMPRESAS PUBLICAS DE MEDELLIN E.S.P.,PC,16,SANCARLO,0,ANTIOQUI,0,735,0,311.14,0,0,0,568.91,625.06,0,215.6,0,0,813.91,0,285.28,59.4,0,579.64,762.34,0,0,0,701.68,0,0,0,85866.29,0,0,0,69175.74,82275.6,0,75979.16,0,0,65995.51,0,87722.19,88260.26,0,68325.88,67154.52,0,0,0,65445.72,0,0
26,TERMOYOPAL GENERACION 2 S.A.S E.S.P.,97,TYOPAL2,0,EMPRESAS PUBLICAS DE MEDELLIN E.S.P.,PD,14,NORDESTE,0,ANTIOQUI,0,735,0,0,24,0,0,0,0,0,24,0,24,0,0,0,0,0,0,0,24,24,0,0,0,0,0,0,67003.54,0,0,0,0,0,65997.24,0,82409.93,0,0,0,0,0,0,0,60978.29,53822.21,0,0,0,0
11,EMPRESAS PÚBLICAS DE MEDELLÍN E.S.P.,78,PLAYAS,0,EMPRESAS PUBLICAS DE MEDELLIN E.S.P.,PC,0,ANTIOQUI,0,ANTIOQUI,0,735,0,0,160.8,160.8,160.8,0,0,0,160.8,160.8,0,0,0,160.8,0,0,160.8,0,67.37,0,0,0,0,0,0,0,67140.71,67024.71,80666.09,0,0,0,55932.2,54936.44,0,0,0,75212.99,0,0,67139.11,0,77646.62,0,0,0,0,0
11,EMPRESAS PÚBLICAS DE MEDELLÍN E.S.P.,79,PORCE2,0,EMPRESAS PUBLICAS DE MEDELLIN E.S.P.,PC,0,ANTIOQUI,0,ANTIOQUI,0,735,0,0,251.79,36.87,0,0,0,0,0,0,324,0,0,324,0,0,0,0,324,324,0,0,324,0,0,0,80491.83,78522.49,0,0,0,0,0,0,80446.87,0,0,74853.06,0,0,0,0,103656.59,85281.79,0,76758.1,83191.39,0
38,HIDROELÉCTRICA PESCADERO ITUANGO S.A. E.S.P.,113,ITUANGO,0,EMPRESAS PUBLICAS DE MEDELLIN E.S.P.,PC,0,ANTIOQUI,0,ANTIOQUI,0,735,0,0,0,0,325.71,0,0,0,0,0,199.65,0,0,0,0,0,0,0,0,0,0,0,0,0,0,0,0,0,98763.96,0,0,0,0,0,94799.01,0,0,0,0,0,0,0,0,0,0,0,0,0
12,ISAGEN S.A. E.S.P.,108,SOGAMOSO,0,EMPRESAS PUBLICAS DE MEDELLIN E.S.P.,PC,14,NORDESTE,0,ANTIOQUI,0,735,0,0,0,0,0,0,0,640,76.81,0,0,0,0,0,0,0,0,0,0,0,0,0,0,0,0,0,0,0,0,0,0,101208.97,90917.68,0,0,0,0,0,0,0,0,0,0,0,0,0,0,0
27,GESTIÓN ENERGÉTICA S.A. E.S.P.,77,PAIPA4,0,EMPRESAS PUBLICAS DE MEDELLIN E.S.P.,PC,14,NORDESTE,0,ANTIOQUI,0,735,0,0,0,0,0,0,0,33.12,0,0,0,0,0,0,0,0,0,0,0,0,0,0,0,0,0,0,0,0,0,0,0,101983.92,0,0,0,0,0,0,0,0,0,0,0,0,0,0,0,0
11,EMPRESAS PÚBLICAS DE MEDELLÍN E.S.P.,29,GUATRON,0,EMPRESAS PUBLICAS DE MEDELLIN E.S.P.,PC,0,ANTIOQUI,0,ANTIOQUI,0,735,0,0,0,0,0,0,0,0,0,409.6,0,0,0,0,0,0,0,0,0,0,0,0,0,0,0,0,0,0,0,0,0,0,0,86831.74,0,0,0,0,0,0,0,0,0,0,0,0,0,0
11,EMPRESAS PÚBLICAS DE MEDELLÍN E.S.P.,28,GUATAPE,0,EMPRESAS PUBLICAS DE MEDELLIN E.S.P.,PC,0,ANTIOQUI,0,ANTIOQUI,0,735,0,0,0,0,0,0,0,0,0,187.98,0,0,448,0,448,0,0,0,448,438.69,0,0,0,448,0,0,0,0,0,0,0,0,0,90463.61,0,0,83891.06,0,81399.54,0,0,0,76170.29,89349.58,0,0,0,72251.3
33,EMPRESA URRÁ S.A. E.S.P.,98,URRA,0,EMPRESAS PUBLICAS DE MEDELLIN E.S.P.,PC,5,CERROMAT,0,ANTIOQUI,0,735,0,0,0,0,0,0,0,0,0,0,0,0,270.4,0,0,0,0,0,0,0,0,0,0,49.04,0,0,0,0,0,0,0,0,0,0,0,0,94321.62,0,0,0,0,0,0,0,0,0,0,97984.4
2,EMGESA S.A E.S.P,30,GUAVIO,0,EMPRESAS PUBLICAS DE MEDELLIN E.S.P.,PC,2,BOGOTA,0,ANTIOQUI,0,735,0,0,0,0,0,0,0,0,0,0,0,0,77.62,0,0,0,0,0,0,0,0,0,0,0,0,0,0,0,0,0,0,0,0,0,0,0,106039.43,0,0,0,0,0,0,0,0,0,0,0
2,EMGESA S.A E.S.P,107,ELQUIMBO,0,EMPRESAS PUBLICAS DE MEDELLIN E.S.P.,PC,10,HUILACAQ,0,ANTIOQUI,0,735,0,0,0,0,0,0,0,0,0,0,0,0,0,0,0,0,0,0,0,0,336,0,0,0,0,0,0,0,0,0,0,0,0,0,0,0,0,0,0,0,0,0,0,0,113679.06,0,0,0
11,EMPRESAS PÚBLICAS DE MEDELLÍN E.S.P.,79,PORCE2,14,ISAGEN S.A. E.S.P.,PD,0,ANTIOQUI,14,NORDESTE,0,735,324,0,0,0,0,0,0,158.68,0,0,0,324,0,0,0,324,324,0,0,0,0,0,0,0,91053.49,0,0,0,0,0,0,99272.53,0,0,0,96298.82,0,0,0,80909.68,85599.88,0,0,0,0,0,0,0
33,EMPRESA URRÁ S.A. E.S.P.,98,URRA,14,ISAGEN S.A. E.S.P.,PD,5,CERROMAT,14,NORDESTE,0,735,205.16,0,58.86,0,0,0,0,0,0,0,0,0,0,0,0,0,270.4,0,0,0,0,0,270.4,0,92595.22,0,85788.07,0,0,0,0,0,0,0,0,0,0,0,0,0,90790.29,0,0,0,0,0,87313.33,0
26,TERMOYOPAL GENERACION 2 S.A.S E.S.P.,97,TYOPAL2,14,ISAGEN S.A. E.S.P.,PC,14,NORDESTE,14,NORDESTE,0,735,0,24,0,0,0,0,0,0,0,0,0,0,0,0,0,24,0,0,0,0,0,0,24,0,0,67885.48,0,0,0,0,0,0,0,0,0,0,0,0,0,67379.54,0,0,0,0,0,0,77136.68,0
11,EMPRESAS PÚBLICAS DE MEDELLÍN E.S.P.,28,GUATAPE,14,ISAGEN S.A. E.S.P.,PD,0,ANTIOQUI,14,NORDESTE,0,735,0,448,448,30.13,448,0,0,0,128.86,0,448,0,0,0,0,196.24,0,0,0,9.31,0,0,0,0,0,87975.3,85115.75,102032.78,79549.52,0,0,0,87461.31,0,101139.51,0,0,0,0,70057.77,0,0,0,65858.92,0,0,0,0
12,ISAGEN S.A. E.S.P.,86,SANCARLOS,14,ISAGEN S.A. E.S.P.,PC,16,SANCARLO,14,NORDESTE,0,735,0,44.15,0,0,0,0,366.94,0,0,0,0,0,649.17,0,0,0,0,0,796.89,0,111.3,290.32,0,0,0,93120.21,0,0,0,0,82513.28,0,0,0,0,0,74117.28,0,0,0,0,0,84036.19,0,94204.49,90852.58,0,0
11,EMPRESAS PÚBLICAS DE MEDELLÍN E.S.P.,29,GUATRON,14,ISAGEN S.A. E.S.P.,PD,0,ANTIOQUI,14,NORDESTE,0,735,0,0,0,409.6,0,373.78,0,409.6,0,0,0,0,0,289.42,0,0,0,0,0,0,335.24,409.6,0,0,0,0,0,79309.12,0,84893.59,0,85746.26,0,0,0,0,0,103243.62,0,0,0,0,0,0,98395.81,94307.76,0,0
12,ISAGEN S.A. E.S.P.,104,AMOYA,14,ISAGEN S.A. E.S.P.,PD,17,TOLIMA,14,NORDESTE,0,735,0,0,0,62.4,0,0,0,0,0,0,0,0,0,0,62.4,0,0,0,0,0,0,0,0,0,0,0,0,97216.71,0,0,0,0,0,0,0,0,0,0,95044.23,0,0,0,0,0,0,0,0,0
2,EMGESA S.A E.S.P,73,PAGUA,14,ISAGEN S.A. E.S.P.,PD,15,PAGUA,14,NORDESTE,0,735,0,0,0,0,63.25,0,0,0,480,387.91,0,0,0,0,0,0,0,0,0,0,0,0,0,0,0,0,0,0,88661.85,0,0,0,81550.89,72540.1,0,0,0,0,0,0,0,0,0,0,0,0,0,0
11,EMPRESAS PÚBLICAS DE MEDELLÍN E.S.P.,78,PLAYAS,14,ISAGEN S.A. E.S.P.,PC,0,ANTIOQUI,14,NORDESTE,0,735,0,0,0,0,0,160.8,0,0,0,0,0,0,0,0,0,0,0,0,0,0,0,0,0,160.8,0,0,0,0,0,84866.67,0,0,0,0,0,0,0,0,0,0,0,0,0,0,0,0,0,78734.34
2,EMGESA S.A E.S.P,30,GUAVIO,14,ISAGEN S.A. E.S.P.,PD,2,BOGOTA,14,NORDESTE,0,735,0,0,0,0,0,0,171.28,0,0,0,0,0,0,0,0,0,0,0,0,0,0,0.49,0,0,0,0,0,0,0,0,102109.74,0,0,0,0,0,0,0,0,0,0,0,0,0,0,97238.17,0,0
11,EMPRESAS PÚBLICAS DE MEDELLÍN E.S.P.,33,LATASAJERA,14,ISAGEN S.A. E.S.P.,PC,0,ANTIOQUI,14,NORDESTE,0,735,0,0,0,0,0,0,0,0,0,244.8,0,0,0,244.8,0,119.46,0,244.8,0,0,188.42,0,0,244.8,0,0,0,0,0,0,0,0,0,57745.24,0,0,0,101595.43,0,94443.05,0,85537.32,0,0,62114.75,0,0,84142.19
38,HIDROELÉCTRICA PESCADERO ITUANGO S.A. E.S.P.,113,ITUANGO,14,ISAGEN S.A. E.S.P.,PC,0,ANTIOQUI,14,NORDESTE,0,735,0,0,0,0,0,0,0,0,0,0,207.03,323.65,0,0,269,0,0,0,0,790.16,0,0,0,0,0,0,0,0,0,0,0,0,0,0,105875.25,116035.13,0,0,96726.69,0,0,0,0,89176.88,0,0,0,0
27,GESTIÓN ENERGÉTICA S.A. E.S.P.,74,PAIPA1,14,ISAGEN S.A. E.S.P.,PC,14,NORDESTE,14,NORDESTE,0,735,0,0,0,0,0,0,0,0,0,0,0,24.8,0,0,0,0,0,0,0,0,0,0,0,0,0,0,0,0,0,0,0,0,0,0,0,110581.47,0,0,0,0,0,0,0,0,0,0,0,0
27,GESTIÓN ENERGÉTICA S.A. E.S.P.,77,PAIPA4,14,ISAGEN S.A. E.S.P.,PD,14,NORDESTE,14,NORDESTE,0,735,0,0,0,0,0,0,0,0,0,0,0,0,0,120,0,0,0,0,0,0,0,0,0,0,0,0,0,0,0,0,0,0,0,0,0,0,0,99437.88,0,0,0,0,0,0,0,0,0,0
2,EMGESA S.A E.S.P,107,ELQUIMBO,14,ISAGEN S.A. E.S.P.,PC,10,HUILACAQ,14,NORDESTE,0,735,0,0,0,0,0,0,0,0,0,0,0,0,0,0,336,3.72,0,0,0,0,0,0,26.26,151.99,0,0,0,0,0,0,0,0,0,0,0,0,0,0,90478.69,99405.56,0,0,0,0,0,0,112576.69,90495.88
12,ISAGEN S.A. E.S.P.,32,JAGUAS,14,ISAGEN S.A. E.S.P.,PD,0,ANTIOQUI,14,NORDESTE,0,735,0,0,0,0,0,0,0,0,0,0,0,0,0,0,0,0,70.04,0,0,0,136,0,0,0,0,0,0,0,0,0,0,0,0,0,0,0,0,0,0,0,91190.26,0,0,0,82841.07,0,0,0
12,ISAGEN S.A. E.S.P.,108,SOGAMOSO,14,ISAGEN S.A. E.S.P.,PC,14,NORDESTE,14,NORDESTE,0,735,0,0,0,0,0,0,0,0,0,0,0,0,0,0,0,0,0,441.92,0,0,0,0,0,0,0,0,0,0,0,0,0,0,0,0,0,0,0,0,0,0,0,97706.66,0,0,0,0,0,0
12,ISAGEN S.A. E.S.P.,56,MIEL1,14,ISAGEN S.A. E.S.P.,PD,11,LAMIEL,14,NORDESTE,0,735,0,0,0,0,0,0,0,0,0,0,0,0,0,0,0,0,0,0,0,0,0,0,316.8,0,0,0,0,0,0,0,0,0,0,0,0,0,0,0,0,0,0,0,0,0,0,0,111011.66,0
11,EMPRESAS PÚBLICAS DE MEDELLÍN E.S.P.,28,GUATAPE,18,ISAGEN S.A. E.S.P.,PD,0,ANTIOQUI,18,VALLECAU,0,735,97.68,0,0,0,0,319.68,0,0,0,0,0,0,0,284.47,0,0,0,0,0,0,448,0,0,0,64360.18,0,0,0,0,79908.05,0,0,0,0,0,0,0,79009.97,0,0,0,0,0,0,68872.17,0,0,0
11,EMPRESAS PÚBLICAS DE MEDELLÍN E.S.P.,29,GUATRON,18,ISAGEN S.A. E.S.P.,PC,0,ANTIOQUI,18,VALLECAU,0,735,356.31,0,0,0,0,0,0,0,0,0,0,0,0,0,0,0,409.6,0,0,409.6,0,0,0,409.6,87763.66,0,0,0,0,0,0,0,0,0,0,0,0,0,0,0,76994.92,0,0,94345.16,0,0,0,85340.59
11,EMPRESAS PÚBLICAS DE MEDELLÍN E.S.P.,78,PLAYAS,18,ISAGEN S.A. E.S.P.,PD,0,ANTIOQUI,18,VALLECAU,0,735,0,160.8,0,0,0,0,0,0,0,0,0,0,0,0,0,0,0,0,0,0,0,0,0,0,0,62058.94,0,0,0,0,0,0,0,0,0,0,0,0,0,0,0,0,0,0,0,0,0,0
12,ISAGEN S.A. E.S.P.,86,SANCARLOS,18,ISAGEN S.A. E.S.P.,PC,16,SANCARLO,18,VALLECAU,0,735,0,270.3,0,415.09,7.72,0,0,0,0,0,309.69,143.5,0,359.53,374.69,522.83,0,0,0,0,0,0,583.17,94.7,0,82138.25,0,81988.58,79004.62,0,0,0,0,0,93783.2,94301.29,0,74027.03,97512.92,112524.66,0,0,0,0,0,0,94248.01,113743.49
2,EMGESA S.A E.S.P,73,PAGUA,18,ISAGEN S.A. E.S.P.,PD,15,PAGUA,18,VALLECAU,0,735,0,0,419.62,0,416.75,0,311.14,0,0,0,0,480,0,0,0,0,0,0,419.34,0,0,0,0,0,0,0,68013.16,0,76942.47,0,79494.01,0,0,0,0,90550.44,0,0,0,0,0,0,92190.17,0,0,0,0,0
12,ISAGEN S.A. E.S.P.,32,JAGUAS,18,ISAGEN S.A. E.S.P.,PC,0,ANTIOQUI,18,VALLECAU,0,735,0,0,0,0,0,136,0,0,136,0,0,0,0,0,0,0,0,0,0,0,0,0,0,0,0,0,0,0,0,73122.65,0,0,74730.8,0,0,0,0,0,0,0,0,0,0,0,0,0,0,0
12,ISAGEN S.A. E.S.P.,104,AMOYA,18,ISAGEN S.A. E.S.P.,PC,17,TOLIMA,18,VALLECAU,0,735,0,0,0,0,0,0,62.4,62.4,0,0,0,0,0,0,0,0,0,0,0,0,0,0,0,0,0,0,0,0,0,0,91489.27,93473.59,0,0,0,0,0,0,0,0,0,0,0,0,0,0,0,0
12,ISAGEN S.A. E.S.P.,108,SOGAMOSO,18,ISAGEN S.A. E.S.P.,PD,14,NORDESTE,18,VALLECAU,0,735,0,0,0,0,0,0,98.03,0,0,0,0,0,640,0,0,0,0,198.08,0,0,0,0,0,0,0,0,0,0,0,0,100052.6,0,0,0,0,0,98787.97,0,0,0,0,94731.96,0,0,0,0,0,0
11,EMPRESAS PÚBLICAS DE MEDELLÍN E.S.P.,33,LATASAJERA,18,ISAGEN S.A. E.S.P.,PD,0,ANTIOQUI,18,VALLECAU,0,735,0,0,0,0,0,0,0,244.8,0,0,0,0,0,0,0,0,228.46,0,0,0,0,0,0,0,0,0,0,0,0,0,0,92552.98,0,0,0,0,0,0,0,0,78441.12,0,0,0,0,0,0,0
27,GESTIÓN ENERGÉTICA S.A. E.S.P.,77,PAIPA4,18,ISAGEN S.A. E.S.P.,PD,14,NORDESTE,18,VALLECAU,0,735,0,0,0,0,0,0,0,86.88,0,0,0,0,0,0,0,120,0,0,0,0,0,0,0,0,0,0,0,0,0,0,0,96088.22,0,0,0,0,0,0,0,109243.8,0,0,0,0,0,0,0,0
2,EMGESA S.A E.S.P,107,ELQUIMBO,18,ISAGEN S.A. E.S.P.,PD,10,HUILACAQ,18,VALLECAU,0,735,0,0,0,0,0,0,0,120.46,0,0,336,0,0,0,0,0,0,0,0,0,0,0,0,0,0,0,0,0,0,0,0,103323.54,0,0,93232.02,0,0,0,0,0,0,0,0,0,0,0,0,0
38,HIDROELÉCTRICA PESCADERO ITUANGO S.A. E.S.P.,113,ITUANGO,18,ISAGEN S.A. E.S.P.,PD,0,ANTIOQUI,18,VALLECAU,0,735,0,0,0,0,0,0,0,0,435.16,339.11,0,0,0,0,0,0,0,0,0,0,0,0,0,0,0,0,0,0,0,0,0,0,105563.83,90460.59,0,0,0,0,0,0,0,0,0,0,0,0,0,0
33,EMPRESA URRÁ S.A. E.S.P.,98,URRA,18,ISAGEN S.A. E.S.P.,PC,5,CERROMAT,18,VALLECAU,0,735,0,0,0,0,0,0,0,0,0,270.4,0,46.95,0,0,270.4,0,0,0,0,9.29,0,0,0,0,0,0,0,0,0,0,0,0,0,86281.57,0,102517.2,0,0,85843.69,0,0,0,0,102321.08,0,0,0,0
12,ISAGEN S.A. E.S.P.,56,MIEL1,18,ISAGEN S.A. E.S.P.,PD,11,LAMIEL,18,VALLECAU,0,735,0,0,0,0,0,0,0,0,0,0,0,0,14.27,0,0,0,0,0,0,0,0,0,0,0,0,0,0,0,0,0,0,0,0,0,0,0,113727.42,0,0,0,0,0,0,0,0,0,0,0
2,EMGESA S.A E.S.P,30,GUAVIO,18,ISAGEN S.A. E.S.P.,PD,2,BOGOTA,18,VALLECAU,0,735,0,0,0,0,0,0,0,0,0,0,0,0,0,0,0,0,0,435.11,0,0,0,0,0,0,0,0,0,0,0,0,0,0,0,0,0,0,0,0,0,0,0,110388.86,0,0,0,0,0,0
0,EMPRESA DE ENERGÍA DEL PACÍFICO S.A. E.S.P.,0,ALBAN,18,ISAGEN S.A. E.S.P.,PD,18,VALLECAU,18,VALLECAU,0,735,0,0,0,0,0,0,0,0,0,0,0,0,0,0,0,0,0,0,330.61,343.2,0,343.2,0,0,0,0,0,0,0,0,0,0,0,0,0,0,0,0,0,0,0,0,97514.59,92655.22,0,91790.37,0,0
11,EMPRESAS PÚBLICAS DE MEDELLÍN E.S.P.,79,PORCE2,18,ISAGEN S.A. E.S.P.,PD,0,ANTIOQUI,18,VALLECAU,0,735,0,0,0,0,0,0,0,0,0,0,0,0,0,0,0,0,0,0,0,0,286.88,313.01,0,0,0,0,0,0,0,0,0,0,0,0,0,0,0,0,0,0,0,0,0,0,86016.18,105856.33,0,0
2,EMGESA S.A E.S.P,73,PAGUA,22,PANAMA,PC,15,PAGUA,22,PANAMA,0,735,253,0,60.38,0,0,0,0,0,0,0,0,0,480,0,480,0,119.85,0,0,0,0,333.01,325.73,0,68147.33,0,80124.16,0,0,0,0,0,0,0,0,0,113215.38,0,71819.22,0,69039.99,0,0,0,0,99101.26,91173.21,0
11,EMPRESAS PÚBLICAS DE MEDELLÍN E.S.P.,78,PLAYAS,22,PANAMA,PD,0,ANTIOQUI,22,PANAMA,0,735,160.8,0,0,0,0,0,0,0,0,0,0,0,0,0,0,0,0,0,0,0,0,0,0,0,73118.15,0,0,0,0,0,0,0,0,0,0,0,0,0,0,0,0,0,0,0,0,0,0,0
12,ISAGEN S.A. E.S.P.,104,AMOYA,22,PANAMA,PC,17,TOLIMA,22,PANAMA,0,735,62.4,0,0,0,0,0,0,0,0,62.4,0,62.4,0,0,0,0,0,0,0,0,0,0,0,62.4,90958.48,0,0,0,0,0,0,0,0,105203.29,0,94523.15,0,0,0,0,0,0,0,0,0,0,0,104186.75
11,EMPRESAS PÚBLICAS DE MEDELLÍN E.S.P.,29,GUATRON,22,PANAMA,PD,0,ANTIOQUI,22,PANAMA,0,735,3.8,0,0,0,0,0,0,0,409.6,0,0,0,0,120.18,0,0,0,0,0,0,0,0,0,0,111917.47,0,0,0,0,0,0,0,81305.7,0,0,0,0,89491.33,0,0,0,0,0,0,0,0,0,0
12,ISAGEN S.A. E.S.P.,86,SANCARLOS,22,PANAMA,PC,16,SANCARLO,22,PANAMA,0,735,0,366.4,0,0,480,0,0,0,0,0,480,0,0,0,0,209.6,0,0,0,0,0,0,0,0,0,69085.26,0,0,89656.17,0,0,0,0,0,73883.6,0,0,0,0,98492.79,0,0,0,0,0,0,0,0
33,EMPRESA URRÁ S.A. E.S.P.,98,URRA,22,PANAMA,PC,5,CERROMAT,22,PANAMA,0,735,0,113.6,0,0,0,54.11,0,99.14,0,0,0,0,0,0,0,270.4,0,0,0,0,0,0,0,0,0,90504.37,0,0,0,96370.51,0,109140.22,0,0,0,0,0,0,0,90115.09,0,0,0,0,0,0,0,0
12,ISAGEN S.A. E.S.P.,32,JAGUAS,22,PANAMA,PD,0,ANTIOQUI,22,PANAMA,0,735,0,0,136,136,0,0,0,0,0,81.6,0,136,0,0,0,0,0,0,0,0,0,136,0,0,0,0,78096.13,75790.42,0,0,0,0,0,107884.93,0,84883.01,0,0,0,0,0,0,0,0,0,83793.3,0,0
0,EMPRESA DE ENERGÍA DEL PACÍFICO S.A. E.S.P.,0,ALBAN,22,PANAMA,PC,18,VALLECAU,22,PANAMA,0,735,0,0,283.62,0,0,0,0,0,0,0,0,161.6,0,0,0,0,0,0,0,0,343.2,0,0,233.59,0,0,102625.42,0,0,0,0,0,0,0,0,118988.14,0,0,0,0,0,0,0,0,99378.64,0,0,108107.45
11,EMPRESAS PÚBLICAS DE MEDELLÍN E.S.P.,28,GUATAPE,22,PANAMA,PC,0,ANTIOQUI,22,PANAMA,0,735,0,0,0,344,0,101.89,0,0,70.4,0,0,0,0,163.53,0,0,0,0,0,0,0,0,0,0,0,0,0,88351.16,0,65451.37,0,0,102359.12,0,0,0,0,72710.72,0,0,0,0,0,0,0,0,0,0
11,EMPRESAS PÚBLICAS DE MEDELLÍN E.S.P.,79,PORCE2,22,PANAMA,PD,0,ANTIOQUI,22,PANAMA,0,735,0,0,0,0,0,324,0,165.32,0,0,0,0,0,0,0,0,0,0,0,0,37.12,10.99,0,0,0,0,0,0,0,88763.13,0,108089.47,0,0,0,0,0,0,0,0,0,0,0,0,89367.05,84192.24,0,0
2,EMGESA S.A E.S.P,107,ELQUIMBO,22,PANAMA,PD,10,HUILACAQ,22,PANAMA,0,735,0,0,0,0,0,0,336,215.54,0,336,0,0,0,0,0,0,0,0,336,0,0,0,0,184.01,0,0,0,0,0,0,98533.1,109046.05,0,100486.6,0,0,0,0,0,0,0,0,94090.08,0,0,0,0,96468.55
12,ISAGEN S.A. E.S.P.,56,MIEL1,22,PANAMA,PC,11,LAMIEL,22,PANAMA,0,735,0,0,0,0,0,0,144,0,0,0,0,0,0,0,0,0,0,0,24,0,0,0,0,0,0,0,0,0,0,0,105721.95,0,0,0,0,0,0,0,0,0,0,0,110785.89,0,0,0,0,0
27,GESTIÓN ENERGÉTICA S.A. E.S.P.,77,PAIPA4,22,PANAMA,PC,14,NORDESTE,22,PANAMA,0,735,0,0,0,0,0,0,0,0,0,0,0,120,0,0,0,0,0,0,120,0,99.68,0,0,0,0,0,0,0,0,0,0,0,0,0,0,105206.54,0,0,0,0,0,0,108537,0,101081.95,0,0,0
38,HIDROELÉCTRICA PESCADERO ITUANGO S.A. E.S.P.,113,ITUANGO,22,PANAMA,PD,0,ANTIOQUI,22,PANAMA,0,735,0,0,0,0,0,0,0,0,0,0,0,0,0,196.29,0,0,336.15,480,0,0,0,0,154.27,0,0,0,0,0,0,0,0,0,0,0,0,0,0,93500.32,0,0,90540.21,89362.84,0,0,0,0,96575.78,0
26,TERMOYOPAL GENERACION 2 S.A.S E.S.P.,97,TYOPAL2,22,PANAMA,PC,14,NORDESTE,22,PANAMA,0,735,0,0,0,0,0,0,0,0,0,0,0,0,0,0,0,0,24,0,0,0,0,0,0,0,0,0,0,0,0,0,0,0,0,0,0,0,0,0,0,0,78247.26,0,0,0,0,0,0,0
12,ISAGEN S.A. E.S.P.,108,SOGAMOSO,22,PANAMA,PD,14,NORDESTE,22,PANAMA,0,735,0,0,0,0,0,0,0,0,0,0,0,0,0,0,0,0,0,0,0,480,0,0,0,0,0,0,0,0,0,0,0,0,0,0,0,0,0,0,0,0,0,0,0,92208.79,0,0,0,0
12,ISAGEN S.A. E.S.P.,86,SANCARLOS,1,ENERGIA EMPRESARIAL DE LA COSTA S.A. E.S.P.,PC,16,SANCARLO,1,ATLANTIC,0,735,353.4,0,332.05,0,0,0,0,335.96,0,0,0,0,342.83,0,399.62,0,0,0,195.11,0,0,0,158.55,376.56,69439.12,0,78446.22,0,0,0,0,95162.76,0,0,0,0,92068.38,0,65703.77,0,0,0,93608.01,0,0,0,66984.6,78488.56
11,EMPRESAS PÚBLICAS DE MEDELLÍN E.S.P.,33,LATASAJERA,1,ENERGIA EMPRESARIAL DE LA COSTA S.A. E.S.P.,PD,0,ANTIOQUI,1,ATLANTIC,0,735,0,244.8,0,0,0,0,0,0,0,0,0,0,0,0,0,0,0,0,0,0,0,0,0,0,0,66542.33,0,0,0,0,0,0,0,0,0,0,0,0,0,0,0,0,0,0,0,0,0,0
38,HIDROELÉCTRICA PESCADERO ITUANGO S.A. E.S.P.,113,ITUANGO,1,ENERGIA EMPRESARIAL DE LA COSTA S.A. E.S.P.,PC,0,ANTIOQUI,1,ATLANTIC,0,735,0,96.44,0,0,0,0,0,0,0,0,0,0,43.02,0,0,0,0,0,0,0,435.6,0,0,0,0,100611.69,0,0,0,0,0,0,0,0,0,0,101256.12,0,0,0,0,0,0,0,116774.51,0,0,0
2,EMGESA S.A E.S.P,73,PAGUA,1,ENERGIA EMPRESARIAL DE LA COSTA S.A. E.S.P.,PD,15,PAGUA,1,ATLANTIC,0,735,0,0,0,326.06,0,0,0,0,0,56.77,0,0,0,0,0,0,0,0,0,0,0,146.99,0,0,0,0,0,80387.09,0,0,0,0,0,102209.5,0,0,0,0,0,0,0,0,0,0,0,65462.74,0,0
12,ISAGEN S.A. E.S.P.,32,JAGUAS,1,ENERGIA EMPRESARIAL DE LA COSTA S.A. E.S.P.,PC,0,ANTIOQUI,1,ATLANTIC,0,735,0,0,0,0,36.69,0,0,0,0,0,0,0,0,136,0,0,0,0,0,0,0,0,0,0,0,0,0,0,79428.37,0,0,0,0,0,0,0,0,90009.76,0,0,0,0,0,0,0,0,0,0
12,ISAGEN S.A. E.S.P.,108,SOGAMOSO,1,ENERGIA EMPRESARIAL DE LA COSTA S.A. E.S.P.,PD,14,NORDESTE,1,ATLANTIC,0,735,0,0,0,0,288.68,292.13,0,0,0,0,0,0,0,0,0,399.81,394.57,0,239.15,0,0,0,246.67,0,0,0,0,0,97510.71,92869.63,0,0,0,0,0,0,0,0,0,89343.71,110706.19,0,114815.56,0,0,0,93828.24,0
11,EMPRESAS PÚBLICAS DE MEDELLÍN E.S.P.,29,GUATRON,1,ENERGIA EMPRESARIAL DE LA COSTA S.A. E.S.P.,PD,0,ANTIOQUI,1,ATLANTIC,0,735,0,0,0,0,0,35.82,319.79,0,0,0,120.55,215.39,0,0,0,0,0,391.78,0,0,0,0,0,0,0,0,0,0,0,77209.85,79577.5,0,0,0,105066.76,112091.06,0,0,0,0,0,82438.45,0,0,0,0,0,0
11,EMPRESAS PÚBLICAS DE MEDELLÍN E.S.P.,28,GUATAPE,1,ENERGIA EMPRESARIAL DE LA COSTA S.A. E.S.P.,PC,0,ANTIOQUI,1,ATLANTIC,0,735,0,0,0,0,0,0,0,0,248.74,0,0,0,0,0,0,0,0,0,0,0,0,0,0,0,0,0,0,0,0,0,0,0,77226.92,0,0,0,0,0,0,0,0,0,0,0,0,0,0,0
27,GESTIÓN ENERGÉTICA S.A. E.S.P.,77,PAIPA4,1,ENERGIA EMPRESARIAL DE LA COSTA S.A. E.S.P.,PD,14,NORDESTE,1,ATLANTIC,0,735,0,0,0,0,0,0,0,0,117.82,0,0,0,0,0,0,0,0,0,0,0,0,0,0,0,0,0,0,0,0,0,0,0,98116.11,0,0,0,0,0,0,0,0,0,0,0,0,0,0,0
11,EMPRESAS PÚBLICAS DE MEDELLÍN E.S.P.,79,PORCE2,1,ENERGIA EMPRESARIAL DE LA COSTA S.A. E.S.P.,PC,0,ANTIOQUI,1,ATLANTIC,0,735,0,0,0,0,0,0,0,0,0,324,0,0,0,0,0,0,0,0,0,0,0,0,0,0,0,0,0,0,0,0,0,0,0,81139.49,0,0,0,0,0,0,0,0,0,0,0,0,0,0
33,EMPRESA URRÁ S.A. E.S.P.,98,URRA,1,ENERGIA EMPRESARIAL DE LA COSTA S.A. E.S.P.,PD,5,CERROMAT,1,ATLANTIC,0,735,0,0,0,0,0,0,0,0,0,0,270.4,0,0,0,0,0,0,0,0,0,0,270.4,0,0,0,0,0,0,0,0,0,0,0,0,90442.45,0,0,0,0,0,0,0,0,0,0,98701.89,0,0
0,EMPRESA DE ENERGÍA DEL PACÍFICO S.A. E.S.P.,0,ALBAN,1,ENERGIA EMPRESARIAL DE LA COSTA S.A. E.S.P.,PD,18,VALLECAU,1,ATLANTIC,0,735,0,0,0,0,0,0,0,0,0,0,0,181.6,0,253.9,0,0,0,0,0,0,0,0,0,0,0,0,0,0,0,0,0,0,0,0,0,102779.77,0,98443.16,0,0,0,0,0,0,0,0,0,0
12,ISAGEN S.A. E.S.P.,104,AMOYA,1,ENERGIA EMPRESARIAL DE LA COSTA S.A. E.S.P.,PD,17,TOLIMA,1,ATLANTIC,0,735,0,0,0,0,0,0,0,0,0,0,0,0,0,0,0,0,0,0,0,62.4,0,0,0,0,0,0,0,0,0,0,0,0,0,0,0,0,0,0,0,0,0,0,0,93422.17,0,0,0,0
2,EMGESA S.A E.S.P,30,GUAVIO,1,ENERGIA EMPRESARIAL DE LA COSTA S.A. E.S.P.,PC,2,BOGOTA,1,ATLANTIC,0,735,0,0,0,0,0,0,0,0,0,0,0,0,0,0,0,0,0,0,0,375.21,0,0,0,0,0,0,0,0,0,0,0,0,0,0,0,0,0,0,0,0,0,0,0,114149.39,0,0,0,0
2,EMGESA S.A E.S.P,107,ELQUIMBO,1,ENERGIA EMPRESARIAL DE LA COSTA S.A. E.S.P.,PC,10,HUILACAQ,1,ATLANTIC,0,735,0,0,0,0,0,0,0,0,0,0,0,0,0,0,0,0,0,0,0,0,0,7.2,0,0,0,0,0,0,0,0,0,0,0,0,0,0,0,0,0,0,0,0,0,0,0,112446.48,0,0
12,ISAGEN S.A. E.S.P.,86,SANCARLOS,9,GENERADORA Y COMERCIALIZADORA DE ENERGIA DEL CARIBE S.A. E.S.P.,PC,16,SANCARLO,9,GCM,0,735,298.97,0,0,123.39,275.55,0,0,119.93,0,0,0,0,0,0,0,259.57,223.38,0,0,0,0,0,0,317.73,101678.51,0,0,74435.12,71050.67,0,0,102648.47,0,0,0,0,0,0,0,127529.82,94685.97,0,0,0,0,0,0,79231.15
2,EMGESA S.A E.S.P,73,PAGUA,9,GENERADORA Y COMERCIALIZADORA DE ENERGIA DEL CARIBE S.A. E.S.P.,PD,15,PAGUA,9,GCM,0,735,0,154.41,0,153.94,0,0,0,0,0,0,0,0,0,0,0,0,0,0,0,0,0,0,0,0,0,100644.48,0,67821.53,0,0,0,0,0,0,0,0,0,0,0,0,0,0,0,0,0,0,0,0
0,EMPRESA DE ENERGÍA DEL PACÍFICO S.A. E.S.P.,0,ALBAN,9,GENERADORA Y COMERCIALIZADORA DE ENERGIA DEL CARIBE S.A. E.S.P.,PC,18,VALLECAU,9,GCM,0,735,0,134.11,59.58,0,0,0,0,0,265.78,0,0,0,150.21,31.65,0,0,0,0,0,0,0,0,0,0,0,111443.13,96556.01,0,0,0,0,0,89543.27,0,0,0,115555.81,117859.65,0,0,0,0,0,0,0,0,0,0
33,EMPRESA URRÁ S.A. E.S.P.,98,URRA,9,GENERADORA Y COMERCIALIZADORA DE ENERGIA DEL CARIBE S.A. E.S.P.,PC,5,CERROMAT,9,GCM,0,735,0,0,211.54,0,0,0,0,0,0,0,0,223.45,0,270.4,0,0,0,0,0,0,0,0,0,0,0,0,94490.85,0,0,0,0,0,0,0,0,88143.22,0,98247.19,0,0,0,0,0,0,0,0,0,0
2,EMGESA S.A E.S.P,30,GUAVIO,9,GENERADORA Y COMERCIALIZADORA DE ENERGIA DEL CARIBE S.A. E.S.P.,PC,2,BOGOTA,9,GCM,0,735,0,0,10.26,0,0,0,0,0,0,0,0,0,0,0,0,0,0,0,0,0,385.16,372.06,0,0,0,0,106232.22,0,0,0,0,0,0,0,0,0,0,0,0,0,0,0,0,0,99999.05,96212.33,0,0
11,EMPRESAS PÚBLICAS DE MEDELLÍN E.S.P.,33,LATASAJERA,9,GENERADORA Y COMERCIALIZADORA DE ENERGIA DEL CARIBE S.A. E.S.P.,PD,0,ANTIOQUI,9,GCM,0,735,0,0,0,0,0,244.8,0,0,0,0,0,0,0,0,0,0,16.34,0,0,0,0,0,0,0,0,0,0,0,0,69726.19,0,0,0,0,0,0,0,0,0,0,90755.02,0,0,0,0,0,0,0
12,ISAGEN S.A. E.S.P.,104,AMOYA,9,GENERADORA Y COMERCIALIZADORA DE ENERGIA DEL CARIBE S.A. E.S.P.,PD,17,TOLIMA,9,GCM,0,735,0,0,0,0,0,26.85,0,0,0,0,0,0,0,0,0,0,0,0,0,0,0,0,0,0,0,0,0,0,0,96852.65,0,0,0,0,0,0,0,0,0,0,0,0,0,0,0,0,0,0
11,EMPRESAS PÚBLICAS DE MEDELLÍN E.S.P.,28,GUATAPE,9,GENERADORA Y COMERCIALIZADORA DE ENERGIA DEL CARIBE S.A. E.S.P.,PD,0,ANTIOQUI,9,GCM,0,735,0,0,0,0,0,0,255.17,0,0,260.02,0,0,0,0,0,0,0,0,0,0,0,0,0,0,0,0,0,0,0,0,77984.72,0,0,69660.83,0,0,0,0,0,0,0,0,0,0,0,0,0,0
12,ISAGEN S.A. E.S.P.,32,JAGUAS,9,GENERADORA Y COMERCIALIZADORA DE ENERGIA DEL CARIBE S.A. E.S.P.,PC,0,ANTIOQUI,9,GCM,0,735,0,0,0,0,0,0,0,136,0,14.11,0,0,0,0,0,0,65.96,0,0,0,0,0,0,0,0,0,0,0,0,0,0,77528.38,0,78953.26,0,0,0,0,0,0,78713.28,0,0,0,0,0,0,0
38,HIDROELÉCTRICA PESCADERO ITUANGO S.A. E.S.P.,113,ITUANGO,9,GENERADORA Y COMERCIALIZADORA DE ENERGIA DEL CARIBE S.A. E.S.P.,PC,0,ANTIOQUI,9,GCM,0,735,0,0,0,0,0,0,0,0,0,0,286.93,0,0,0,0,0,0,0,344.51,0,0,0,0,0,0,0,0,0,0,0,0,0,0,0,97581.67,0,0,0,0,0,0,0,118062.17,0,0,0,0,0
12,ISAGEN S.A. E.S.P.,108,SOGAMOSO,9,GENERADORA Y COMERCIALIZADORA DE ENERGIA DEL CARIBE S.A. E.S.P.,PD,14,NORDESTE,9,GCM,0,735,0,0,0,0,0,0,0,0,0,0,0,75.78,0,0,0,0,0,0,0,0,0,0,353.44,0,0,0,0,0,0,0,0,0,0,0,0,113395.14,0,0,0,0,0,0,0,0,0,0,91655.1,0
27,GESTIÓN ENERGÉTICA S.A. E.S.P.,77,PAIPA4,9,GENERADORA Y COMERCIALIZADORA DE ENERGIA DEL CARIBE S.A. E.S.P.,PC,14,NORDESTE,9,GCM,0,735,0,0,0,0,0,0,0,0,0,0,0,0,120,0,0,0,0,0,0,0,0,0,0,0,0,0,0,0,0,0,0,0,0,0,0,0,96782.76,0,0,0,0,0,0,0,0,0,0,0
27,GESTIÓN ENERGÉTICA S.A. E.S.P.,74,PAIPA1,9,GENERADORA Y COMERCIALIZADORA DE ENERGIA DEL CARIBE S.A. E.S.P.,PC,14,NORDESTE,9,GCM,0,735,0,0,0,0,0,0,0,0,0,0,0,0,24.8,0,0,0,0,24.8,24.8,0,0,0,0,0,0,0,0,0,0,0,0,0,0,0,0,0,104868.35,0,0,0,0,128941.36,112757.17,0,0,0,0,0
11,EMPRESAS PÚBLICAS DE MEDELLÍN E.S.P.,79,PORCE2,9,GENERADORA Y COMERCIALIZADORA DE ENERGIA DEL CARIBE S.A. E.S.P.,PD,0,ANTIOQUI,9,GCM,0,735,0,0,0,0,0,0,0,0,0,0,0,0,0,0,312.22,0,0,0,0,0,0,0,0,0,0,0,0,0,0,0,0,0,0,0,0,0,0,0,74959.07,0,0,0,0,0,0,0,0,0
2,EMGESA S.A E.S.P,103,ZIPAEMG5,9,GENERADORA Y COMERCIALIZADORA DE ENERGIA DEL CARIBE S.A. E.S.P.,PC,2,BOGOTA,9,GCM,0,735,0,0,0,0,0,0,0,0,0,0,0,0,0,0,0,51.2,0,0,0,0,0,0,0,0,0,0,0,0,0,0,0,0,0,0,0,0,0,0,0,122624.27,0,0,0,0,0,0,0,0
27,GESTIÓN ENERGÉTICA S.A. E.S.P.,76,PAIPA3,9,GENERADORA Y COMERCIALIZADORA DE ENERGIA DEL CARIBE S.A. E.S.P.,PC,14,NORDESTE,9,GCM,0,735,0,0,0,0,0,0,0,0,0,0,0,0,0,0,0,1.85,0,0,0,45.99,0,0,0,0,0,0,0,0,0,0,0,0,0,0,0,0,0,0,0,134955.78,0,0,0,122600,0,0,0,0
11,EMPRESAS PÚBLICAS DE MEDELLÍN E.S.P.,29,GUATRON,9,GENERADORA Y COMERCIALIZADORA DE ENERGIA DEL CARIBE S.A. E.S.P.,PD,0,ANTIOQUI,9,GCM,0,735,0,0,0,0,0,0,0,0,0,0,0,0,0,0,0,0,0,17.82,0,0,0,0,0,0,0,0,0,0,0,0,0,0,0,0,0,0,0,0,0,0,0,88041.3,0,0,0,0,0,0
27,GESTIÓN ENERGÉTICA S.A. E.S.P.,75,PAIPA2,9,GENERADORA Y COMERCIALIZADORA DE ENERGIA DEL CARIBE S.A. E.S.P.,PD,14,NORDESTE,9,GCM,0,735,0,0,0,0,0,0,0,0,0,0,0,0,0,0,0,0,0,56,0,0,0,0,0,0,0,0,0,0,0,0,0,0,0,0,0,0,0,0,0,0,0,125640.47,0,0,0,0,0,0
2,EMGESA S.A E.S.P,3,BETANIA,9,GENERADORA Y COMERCIALIZADORA DE ENERGIA DEL CARIBE S.A. E.S.P.,PD,10,HUILACAQ,9,GCM,0,735,0,0,0,0,0,0,0,0,0,0,0,0,0,0,0,0,0,211.4,0,0,0,0,0,0,0,0,0,0,0,0,0,0,0,0,0,0,0,0,0,0,0,128998.76,0,0,0,0,0,0
2,EMGESA S.A E.S.P,107,ELQUIMBO,9,GENERADORA Y COMERCIALIZADORA DE ENERGIA DEL CARIBE S.A. E.S.P.,PC,10,HUILACAQ,9,GCM,0,735,0,0,0,0,0,0,0,0,0,0,0,0,0,0,0,0,0,0,0,336,0,0,0,0,0,0,0,0,0,0,0,0,0,0,0,0,0,0,0,0,0,0,0,110852.17,0,0,0,0
12,ISAGEN S.A. E.S.P.,86,SANCARLOS,8,ISAGEN S.A. E.S.P.,PC,16,SANCARLO,8,CQR,0,735,191.42,0,0,0,0,207.85,0,67.21,0,0,202.31,0,0,0,0,0,0,0,0,378.52,0,0,0,0,80281.55,0,0,0,0,85055.33,0,97522.73,0,0,110300.93,0,0,0,0,0,0,0,0,91174.79,0,0,0,0
11,EMPRESAS PÚBLICAS DE MEDELLÍN E.S.P.,79,PORCE2,8,ISAGEN S.A. E.S.P.,PD,0,ANTIOQUI,8,CQR,0,735,0,180.66,0,0,0,0,0,0,0,0,0,0,0,0,0,0,0,0,0,0,0,0,0,0,0,91187.51,0,0,0,0,0,0,0,0,0,0,0,0,0,0,0,0,0,0,0,0,0,0
11,EMPRESAS PÚBLICAS DE MEDELLÍN E.S.P.,29,GUATRON,8,ISAGEN S.A. E.S.P.,PD,0,ANTIOQUI,8,CQR,0,735,0,0,174.65,0,0,0,89.81,0,0,0,0,194.21,0,0,0,0,0,0,0,0,0,0,0,0,0,0,88132.24,0,0,0,81377.54,0,0,0,0,100939.43,0,0,0,0,0,0,0,0,0,0,0,0
38,HIDROELÉCTRICA PESCADERO ITUANGO S.A. E.S.P.,113,ITUANGO,8,ISAGEN S.A. E.S.P.,PD,0,ANTIOQUI,8,CQR,0,735,0,0,0,174.34,182.37,0,0,0,0,0,0,97.89,281.45,0,0,0,0,0,0,0,0,0,0,216.37,0,0,0,91948.39,93907.45,0,0,0,0,0,0,118788.5,95544.52,0,0,0,0,0,0,0,0,0,0,89415.02
12,ISAGEN S.A. E.S.P.,32,JAGUAS,8,ISAGEN S.A. E.S.P.,PD,0,ANTIOQUI,8,CQR,0,735,0,0,0,0,0,0,134.76,0,0,0,0,0,0,0,0,0,0,0,136,0,0,0,0,0,0,0,0,0,0,0,92526.64,0,0,0,0,0,0,0,0,0,0,0,109424.23,0,0,0,0,0
33,EMPRESA URRÁ S.A. E.S.P.,98,URRA,8,ISAGEN S.A. E.S.P.,PD,5,CERROMAT,8,CQR,0,735,0,0,0,0,0,0,0,171.26,0,0,0,0,0,0,0,0,0,0,0,0,270.4,0,0,0,0,0,0,0,0,0,0,96795.04,0,0,0,0,0,0,0,0,0,0,0,0,104898.26,0,0,0
12,ISAGEN S.A. E.S.P.,104,AMOYA,8,ISAGEN S.A. E.S.P.,PC,17,TOLIMA,8,CQR,0,735,0,0,0,0,0,0,0,0,62.4,0,0,0,0,0,0,62.4,0,0,0,0,62.4,0,0,0,0,0,0,0,0,0,0,0,93004.22,0,0,0,0,0,0,106787.49,0,0,0,0,111623.68,0,0,0
2,EMGESA S.A E.S.P,30,GUAVIO,8,ISAGEN S.A. E.S.P.,PD,2,BOGOTA,8,CQR,0,735,0,0,0,0,0,0,0,0,192.25,0,0,0,0,274.11,0,207.87,0,0,0,0,25.46,0,0,0,0,0,0,0,0,0,0,0,111580.92,0,0,0,0,100238.43,0,126080.07,0,0,0,0,114864.86,0,0,0
2,EMGESA S.A E.S.P,73,PAGUA,8,ISAGEN S.A. E.S.P.,PD,15,PAGUA,8,CQR,0,735,0,0,0,0,0,0,0,0,0,35.31,0,0,0,0,0,0,0,0,0,0,0,0,0,0,0,0,0,0,0,0,0,0,0,87386.45,0,0,0,0,0,0,0,0,0,0,0,0,0,0
12,ISAGEN S.A. E.S.P.,56,MIEL1,8,ISAGEN S.A. E.S.P.,PC,11,LAMIEL,8,CQR,0,735,0,0,0,0,0,0,0,0,0,232.58,0,0,0,0,0,0,0,0,0,0,0,0,0,0,0,0,0,0,0,0,0,0,0,117737.1,0,0,0,0,0,0,0,0,0,0,0,0,0,0
27,GESTIÓN ENERGÉTICA S.A. E.S.P.,74,PAIPA1,8,ISAGEN S.A. E.S.P.,PC,14,NORDESTE,8,CQR,0,735,0,0,0,0,0,0,0,0,0,0,24.8,0,0,0,0,0,0,0,0,0,0,0,0,0,0,0,0,0,0,0,0,0,0,0,117118.63,0,0,0,0,0,0,0,0,0,0,0,0,0
2,EMGESA S.A E.S.P,102,ZIPAEMG4,8,ISAGEN S.A. E.S.P.,PD,2,BOGOTA,8,CQR,0,735,0,0,0,0,0,0,0,0,0,0,51.2,0,0,0,0,0,0,0,0,0,0,0,0,0,0,0,0,0,0,0,0,0,0,0,126748.08,0,0,0,0,0,0,0,0,0,0,0,0,0
0,EMPRESA DE ENERGÍA DEL PACÍFICO S.A. E.S.P.,106,CUCUANA,8,ISAGEN S.A. E.S.P.,PD,17,TOLIMA,8,CQR,0,735,0,0,0,0,0,0,0,0,0,0,4.12,0,0,0,0,0,0,0,48,0,0,0,0,0,0,0,0,0,0,0,0,0,0,0,149326.06,0,0,0,0,0,0,0,133364.47,0,0,0,0,0
0,EMPRESA DE ENERGÍA DEL PACÍFICO S.A. E.S.P.,0,ALBAN,8,ISAGEN S.A. E.S.P.,PC,18,VALLECAU,8,CQR,0,735,0,0,0,0,0,0,0,0,0,0,0,0,0,0,272.15,0,0,0,0,0,0,0,0,0,0,0,0,0,0,0,0,0,0,0,0,0,0,0,94870.33,0,0,0,0,0,0,0,0,0
12,ISAGEN S.A. E.S.P.,108,SOGAMOSO,8,ISAGEN S.A. E.S.P.,PD,14,NORDESTE,8,CQR,0,735,0,0,0,0,0,0,0,0,0,0,0,0,0,0,0,0,245.43,0,0,0,0,0,0,0,0,0,0,0,0,0,0,0,0,0,0,0,0,0,0,0,96697.19,0,0,0,0,0,0,0
27,GESTIÓN ENERGÉTICA S.A. E.S.P.,77,PAIPA4,8,ISAGEN S.A. E.S.P.,PC,14,NORDESTE,8,CQR,0,735,0,0,0,0,0,0,0,0,0,0,0,0,0,0,0,0,25.82,0,0,0,0,0,0,0,0,0,0,0,0,0,0,0,0,0,0,0,0,0,0,0,100425.15,0,0,0,0,0,0,0
11,EMPRESAS PÚBLICAS DE MEDELLÍN E.S.P.,28,GUATAPE,8,ISAGEN S.A. E.S.P.,PD,0,ANTIOQUI,8,CQR,0,735,0,0,0,0,0,0,0,0,0,0,0,0,0,0,0,0,0,284.2,0,0,0,0,260.2,0,0,0,0,0,0,0,0,0,0,0,0,0,0,0,0,0,0,79285.59,0,0,0,0,117385.37,0
27,GESTIÓN ENERGÉTICA S.A. E.S.P.,76,PAIPA3,8,ISAGEN S.A. E.S.P.,PC,14,NORDESTE,8,CQR,0,735,0,0,0,0,0,0,0,0,0,0,0,0,0,0,0,0,0,0,56,0,0,0,0,0,0,0,0,0,0,0,0,0,0,0,0,0,0,0,0,0,0,0,120386.63,0,0,0,0,0
2,EMGESA S.A E.S.P,103,ZIPAEMG5,8,ISAGEN S.A. E.S.P.,PD,2,BOGOTA,8,CQR,0,735,0,0,0,0,0,0,0,0,0,0,0,0,0,0,0,0,0,0,51.2,0,0,0,0,0,0,0,0,0,0,0,0,0,0,0,0,0,0,0,0,0,0,0,130944.87,0,0,0,0,0
2,EMGESA S.A E.S.P,101,ZIPAEMG3,8,ISAGEN S.A. E.S.P.,PC,2,BOGOTA,8,CQR,0,735,0,0,0,0,0,0,0,0,0,0,0,0,0,0,0,0,0,0,50.4,0,0,0,0,0,0,0,0,0,0,0,0,0,0,0,0,0,0,0,0,0,0,0,132024.99,0,0,0,0,0
27,GESTIÓN ENERGÉTICA S.A. E.S.P.,75,PAIPA2,8,ISAGEN S.A. E.S.P.,PC,14,NORDESTE,8,CQR,0,735,0,0,0,0,0,0,0,0,0,0,0,0,0,0,0,0,0,0,19.96,0,0,0,0,0,0,0,0,0,0,0,0,0,0,0,0,0,0,0,0,0,0,0,137214.72,0,0,0,0,0
2,EMGESA S.A E.S.P,107,ELQUIMBO,8,ISAGEN S.A. E.S.P.,PD,10,HUILACAQ,8,CQR,0,735,0,0,0,0,0,0,0,0,0,0,0,0,0,0,0,0,0,0,0,0,0,307.98,0,0,0,0,0,0,0,0,0,0,0,0,0,0,0,0,0,0,0,0,0,0,0,103674.05,0,0
12,ISAGEN S.A. E.S.P.,32,JAGUAS,3,ENERGIA EMPRESARIAL DE LA COSTA S.A. E.S.P.,PD,0,ANTIOQUI,3,BOLIVAR,0,735,136,0,0,0,0,0,1.24,0,0,40.29,0,0,0,0,0,0,0,0,0,0,0,0,0,136,73586.92,0,0,0,0,0,84124.34,0,0,87945.22,0,0,0,0,0,0,0,0,0,0,0,0,0,93289.97
12,ISAGEN S.A. E.S.P.,86,SANCARLOS,3,ENERGIA EMPRESARIAL DE LA COSTA S.A. E.S.P.,PD,16,SANCARLO,3,BOLIVAR,0,735,112.3,0,0,0,228.73,0,0,0,0,0,0,0,0,0,0,0,0,0,0,298.64,0,0,0,125.45,88058.82,0,0,0,72873.51,0,0,0,0,0,0,0,0,0,0,0,0,0,0,116036.82,0,0,0,103581.31
11,EMPRESAS PÚBLICAS DE MEDELLÍN E.S.P.,29,GUATRON,3,ENERGIA EMPRESARIAL DE LA COSTA S.A. E.S.P.,PD,0,ANTIOQUI,3,BOLIVAR,0,735,0,240.82,0,0,0,0,0,0,0,0,0,0,251.29,0,0,0,0,0,0,0,74.36,0,0,0,0,101416.15,0,0,0,0,0,0,0,0,0,0,79637.37,0,0,0,0,0,0,0,112297.31,0,0,0
11,EMPRESAS PÚBLICAS DE MEDELLÍN E.S.P.,79,PORCE2,3,ENERGIA EMPRESARIAL DE LA COSTA S.A. E.S.P.,PD,0,ANTIOQUI,3,BOLIVAR,0,735,0,0,72.21,157.25,0,0,0,0,0,0,0,0,0,0,0,0,0,255.91,0,0,0,0,0,0,0,0,77783.94,82654.65,0,0,0,0,0,0,0,0,0,0,0,0,0,93485.29,0,0,0,0,0,0
12,ISAGEN S.A. E.S.P.,104,AMOYA,3,ENERGIA EMPRESARIAL DE LA COSTA S.A. E.S.P.,PC,17,TOLIMA,3,BOLIVAR,0,735,0,0,62.4,0,0,0,0,0,0,0,0,0,0,62.4,0,0,0,0,0,0,0,0,0,0,0,0,91238.31,0,0,0,0,0,0,0,0,0,0,102568.63,0,0,0,0,0,0,0,0,0,0
38,HIDROELÉCTRICA PESCADERO ITUANGO S.A. E.S.P.,113,ITUANGO,3,ENERGIA EMPRESARIAL DE LA COSTA S.A. E.S.P.,PD,0,ANTIOQUI,3,BOLIVAR,0,735,0,0,100.87,0,0,0,0,0,0,202.33,0,0,0,133.47,186.52,0,254.69,0,290.47,0,170.84,0,278.2,0,0,0,96471.01,0,0,0,0,0,0,89327.21,0,0,0,128511.04,115106.26,0,92958.12,0,110346.26,0,125479.27,0,94144.64,0
11,EMPRESAS PÚBLICAS DE MEDELLÍN E.S.P.,28,GUATAPE,3,ENERGIA EMPRESARIAL DE LA COSTA S.A. E.S.P.,PC,0,ANTIOQUI,3,BOLIVAR,0,735,0,0,0,73.87,0,0,0,0,0,0,0,0,0,0,0,0,0,0,0,0,0,0,0,0,0,0,0,74020.06,0,0,0,0,0,0,0,0,0,0,0,0,0,0,0,0,0,0,0,0
2,EMGESA S.A E.S.P,107,ELQUIMBO,3,ENERGIA EMPRESARIAL DE LA COSTA S.A. E.S.P.,PC,10,HUILACAQ,3,BOLIVAR,0,735,0,0,0,0,0.37,0,0,0,0,0,0,0,0,0,0,0,0,0,0,0,0,20.82,0,0,0,0,0,0,98056.54,0,0,0,0,0,0,0,0,0,0,0,0,0,0,0,0,105578.89,0,0
33,EMPRESA URRÁ S.A. E.S.P.,98,URRA,3,ENERGIA EMPRESARIAL DE LA COSTA S.A. E.S.P.,PD,5,CERROMAT,3,BOLIVAR,0,735,0,0,0,0,0,216.29,0,0,0,0,0,0,0,0,0,0,0,0,0,0,0,0,0,0,0,0,0,0,0,93384.07,0,0,0,0,0,0,0,0,0,0,0,0,0,0,0,0,0,0
12,ISAGEN S.A. E.S.P.,56,MIEL1,3,ENERGIA EMPRESARIAL DE LA COSTA S.A. E.S.P.,PC,11,LAMIEL,3,BOLIVAR,0,735,0,0,0,0,0,12.58,0,0,0,0,0,0,0,0,0,0,0,0,0,0,0,0,0,0,0,0,0,0,0,107191.17,0,0,0,0,0,0,0,0,0,0,0,0,0,0,0,0,0,0
2,EMGESA S.A E.S.P,30,GUAVIO,3,ENERGIA EMPRESARIAL DE LA COSTA S.A. E.S.P.,PD,2,BOGOTA,3,BOLIVAR,0,735,0,0,0,0,0,0,218.37,0,235.2,0,0,0,0,0,0,0,0,0,0,0,0,0,0,0,0,0,0,0,0,0,93761.91,0,107108.54,0,0,0,0,0,0,0,0,0,0,0,0,0,0,0
0,EMPRESA DE ENERGÍA DEL PACÍFICO S.A. E.S.P.,0,ALBAN,3,ENERGIA EMPRESARIAL DE LA COSTA S.A. E.S.P.,PC,18,VALLECAU,3,BOLIVAR,0,735,0,0,0,0,0,0,0,223.65,0,0,0,0,0,57.65,71.05,257.17,0,0,0,0,0,0,0,0,0,0,0,0,0,0,0,93844.37,0,0,0,0,0,89569.45,109526.52,93291.56,0,0,0,0,0,0,0,0
12,ISAGEN S.A. E.S.P.,108,SOGAMOSO,3,ENERGIA EMPRESARIAL DE LA COSTA S.A. E.S.P.,PD,14,NORDESTE,3,BOLIVAR,0,735,0,0,0,0,0,0,0,0,0,0,248.87,253.36,0,0,0,0,0,0,0,0,0,148.55,0,0,0,0,0,0,0,0,0,0,0,0,112710.87,134120.69,0,0,0,0,0,0,0,0,0,119476.76,0,0
2,EMGESA S.A E.S.P,102,ZIPAEMG4,3,ENERGIA EMPRESARIAL DE LA COSTA S.A. E.S.P.,PD,2,BOGOTA,3,BOLIVAR,0,735,0,0,0,0,0,0,0,0,0,0,0,0,0,0,0,0,0,0,0,0,51.2,0,0,0,0,0,0,0,0,0,0,0,0,0,0,0,0,0,0,0,0,0,0,0,117562.24,0,0,0
27,GESTIÓN ENERGÉTICA S.A. E.S.P.,77,PAIPA4,3,ENERGIA EMPRESARIAL DE LA COSTA S.A. E.S.P.,PD,14,NORDESTE,3,BOLIVAR,0,735,0,0,0,0,0,0,0,0,0,0,0,0,0,0,0,0,0,0,0,0,0,120,0,0,0,0,0,0,0,0,0,0,0,0,0,0,0,0,0,0,0,0,0,0,0,105946.49,0,0
12,ISAGEN S.A. E.S.P.,86,SANCARLOS,5,GENERADORA Y COMERCIALIZADORA DE ENERGIA DEL CARIBE S.A. E.S.P.,PC,16,SANCARLO,5,CERROMAT,0,735,35.9,0,0,0,0,0,0,205.45,0,126.44,0,0,0,0,0,0,188.98,59.06,0,106.97,0,0,0,0,86896.38,0,0,0,0,0,0,104360.99,0,131605,0,0,0,0,0,0,83380.47,97095.82,0,115441.84,0,0,0,0
2,EMGESA S.A E.S.P,30,GUAVIO,5,GENERADORA Y COMERCIALIZADORA DE ENERGIA DEL CARIBE S.A. E.S.P.,PC,2,BOGOTA,5,CERROMAT,0,735,175.47,0,0,205.06,0,0,0,0,209.61,0,0,214.9,0,215.58,0,0,0,0,198.84,0,0,0,0,0,105632.39,0,0,101083.58,0,0,0,0,97671.03,0,0,93837.55,0,104749.79,0,0,0,0,116615.8,0,0,0,0,0
11,EMPRESAS PÚBLICAS DE MEDELLÍN E.S.P.,29,GUATRON,5,GENERADORA Y COMERCIALIZADORA DE ENERGIA DEL CARIBE S.A. E.S.P.,PC,0,ANTIOQUI,5,CERROMAT,0,735,0,168.78,0,0,0,0,0,0,0,0,0,0,0,0,0,0,0,0,0,0,0,0,0,0,0,80919.8,0,0,0,0,0,0,0,0,0,0,0,0,0,0,0,0,0,0,0,0,0,0
12,ISAGEN S.A. E.S.P.,104,AMOYA,5,GENERADORA Y COMERCIALIZADORA DE ENERGIA DEL CARIBE S.A. E.S.P.,PC,17,TOLIMA,5,CERROMAT,0,735,0,39.01,0,0,0,0,0,0,0,0,0,0,0,0,0,0,0,0,0,0,0,0,0,0,0,94063.08,0,0,0,0,0,0,0,0,0,0,0,0,0,0,0,0,0,0,0,0,0,0
2,EMGESA S.A E.S.P,107,ELQUIMBO,5,GENERADORA Y COMERCIALIZADORA DE ENERGIA DEL CARIBE S.A. E.S.P.,PC,10,HUILACAQ,5,CERROMAT,0,735,0,0,205.77,0,0,209.14,0,0,0,0,0,0,0,0,0,133.35,0,0,0,0,0,0,231.66,0,0,0,91271.23,0,0,102069.49,0,0,0,0,0,0,0,0,0,103203.15,0,0,0,0,0,0,89639.33,0
11,EMPRESAS PÚBLICAS DE MEDELLÍN E.S.P.,79,PORCE2,5,GENERADORA Y COMERCIALIZADORA DE ENERGIA DEL CARIBE S.A. E.S.P.,PD,0,ANTIOQUI,5,CERROMAT,0,735,0,0,0,0,206.3,0,203.57,0,0,0,0,0,0,0,0,0,0,0,0,0,0,0,0,0,0,0,0,0,78736.88,0,90368.22,0,0,0,0,0,0,0,0,0,0,0,0,0,0,0,0,0
12,ISAGEN S.A. E.S.P.,56,MIEL1,5,GENERADORA Y COMERCIALIZADORA DE ENERGIA DEL CARIBE S.A. E.S.P.,PD,11,LAMIEL,5,CERROMAT,0,735,0,0,0,0,0,0,0,0,0,84.22,0,0,0,0,0,0,0,0,0,0,266.41,0,0,0,0,0,0,0,0,0,0,0,0,110982.47,0,0,0,0,0,0,0,0,0,0,129137.64,0,0,0
12,ISAGEN S.A. E.S.P.,108,SOGAMOSO,5,GENERADORA Y COMERCIALIZADORA DE ENERGIA DEL CARIBE S.A. E.S.P.,PC,14,NORDESTE,5,CERROMAT,0,735,0,0,0,0,0,0,0,0,0,0,212.39,0,0,0,217.93,0,0,0,0,160,0,244.01,0,0,0,0,0,0,0,0,0,0,0,0,91227.22,0,0,0,100670.66,0,0,0,0,90197.43,0,119675.96,0,0
0,EMPRESA DE ENERGÍA DEL PACÍFICO S.A. E.S.P.,0,ALBAN,5,GENERADORA Y COMERCIALIZADORA DE ENERGIA DEL CARIBE S.A. E.S.P.,PC,18,VALLECAU,5,CERROMAT,0,735,0,0,0,0,0,0,0,0,0,0,0,0,192.99,0,0,86.03,29.91,0,12.59,0,0,0,0,0,0,0,0,0,0,0,0,0,0,0,0,0,107466.66,0,0,95082.31,90508.95,0,97387.95,0,0,0,0,0
38,HIDROELÉCTRICA PESCADERO ITUANGO S.A. E.S.P.,113,ITUANGO,5,GENERADORA Y COMERCIALIZADORA DE ENERGIA DEL CARIBE S.A. E.S.P.,PC,0,ANTIOQUI,5,CERROMAT,0,735,0,0,0,0,0,0,0,0,0,0,0,0,21.6,0,0,0,0,0,0,0,0,0,0,0,0,0,0,0,0,0,0,0,0,0,0,0,110849.2,0,0,0,0,0,0,0,0,0,0,0
11,EMPRESAS PÚBLICAS DE MEDELLÍN E.S.P.,28,GUATAPE,5,GENERADORA Y COMERCIALIZADORA DE ENERGIA DEL CARIBE S.A. E.S.P.,PD,0,ANTIOQUI,5,CERROMAT,0,735,0,0,0,0,0,0,0,0,0,0,0,0,0,0,0,0,0,163.8,0,0,0,0,0,0,0,0,0,0,0,0,0,0,0,0,0,0,0,0,0,0,0,75658.66,0,0,0,0,0,0
2,EMGESA S.A E.S.P,102,ZIPAEMG4,5,GENERADORA Y COMERCIALIZADORA DE ENERGIA DEL CARIBE S.A. E.S.P.,PD,2,BOGOTA,5,CERROMAT,0,735,0,0,0,0,0,0,0,0,0,0,0,0,0,0,0,0,0,0,51.2,0,0,0,0,0,0,0,0,0,0,0,0,0,0,0,0,0,0,0,0,0,0,0,116303.58,0,0,0,0,0
27,GESTIÓN ENERGÉTICA S.A. E.S.P.,77,PAIPA4,5,GENERADORA Y COMERCIALIZADORA DE ENERGIA DEL CARIBE S.A. E.S.P.,PD,14,NORDESTE,5,CERROMAT,0,735,0,0,0,0,0,0,0,0,0,0,0,0,0,0,0,0,0,0,0,2.55,0,0,0,0,0,0,0,0,0,0,0,0,0,0,0,0,0,0,0,0,0,0,0,137746.98,0,0,0,0
33,EMPRESA URRÁ S.A. E.S.P.,98,URRA,5,GENERADORA Y COMERCIALIZADORA DE ENERGIA DEL CARIBE S.A. E.S.P.,PD,5,CERROMAT,5,CERROMAT,0,735,0,0,0,0,0,0,0,0,0,0,0,0,0,0,0,0,0,0,0,0,0,0,0,217.98,0,0,0,0,0,0,0,0,0,0,0,0,0,0,0,0,0,0,0,0,0,0,0,92683.17
0,EMPRESA DE ENERGÍA DEL PACÍFICO S.A. E.S.P.,0,ALBAN,7,GENERADORA Y COMERCIALIZADORA DE ENERGIA DEL CARIBE S.A. E.S.P.,PD,18,VALLECAU,7,CORDOSUC,0,735,148.16,0,0,0,0,0,0,0,0,138.28,0,0,0,0,0,0,0,0,0,0,0,0,0,0,90133.75,0,0,0,0,0,0,0,0,93032.8,0,0,0,0,0,0,0,0,0,0,0,0,0,0
11,EMPRESAS PÚBLICAS DE MEDELLÍN E.S.P.,79,PORCE2,7,GENERADORA Y COMERCIALIZADORA DE ENERGIA DEL CARIBE S.A. E.S.P.,PD,0,ANTIOQUI,7,CORDOSUC,0,735,0,143.26,0,0,0,0,0,0,135.68,0,0,0,0,0,11.78,0,0,68.09,0,0,0,0,0,158.52,0,93101.7,0,0,0,0,0,0,76018.21,0,0,0,0,0,126245.22,0,0,77647.45,0,0,0,0,0,90488.02
12,ISAGEN S.A. E.S.P.,86,SANCARLOS,7,GENERADORA Y COMERCIALIZADORA DE ENERGIA DEL CARIBE S.A. E.S.P.,PD,16,SANCARLO,7,CORDOSUC,0,735,0,0,139.5,136.87,0,142.27,0,129.03,0,0,0,0,0,0,0,0,0,0,0,0,0,0,0,0,0,0,82696.2,79514.67,0,92784.72,0,92876.94,0,0,0,0,0,0,0,0,0,0,0,0,0,0,0,0
33,EMPRESA URRÁ S.A. E.S.P.,98,URRA,7,GENERADORA Y COMERCIALIZADORA DE ENERGIA DEL CARIBE S.A. E.S.P.,PC,5,CERROMAT,7,CORDOSUC,0,735,0,0,0,0,137.45,0,0,0,0,0,0,0,0,0,0,0,0,0,0,0,0,0,0,0,0,0,0,0,100200.93,0,0,0,0,0,0,0,0,0,0,0,0,0,0,0,0,0,0,0
11,EMPRESAS PÚBLICAS DE MEDELLÍN E.S.P.,28,GUATAPE,7,GENERADORA Y COMERCIALIZADORA DE ENERGIA DEL CARIBE S.A. E.S.P.,PD,0,ANTIOQUI,7,CORDOSUC,0,735,0,0,0,0,0,0,132.32,0,0,0,0,0,0,0,0,0,0,0,0,0,0,0,174.19,0,0,0,0,0,0,0,66101.82,0,0,0,0,0,0,0,0,0,0,0,0,0,0,0,82644.89,0
11,EMPRESAS PÚBLICAS DE MEDELLÍN E.S.P.,29,GUATRON,7,GENERADORA Y COMERCIALIZADORA DE ENERGIA DEL CARIBE S.A. E.S.P.,PC,0,ANTIOQUI,7,CORDOSUC,0,735,0,0,0,0,0,0,0,0,0,0,47.2,0,143.77,0,0,0,0,0,0,0,0,0,0,0,0,0,0,0,0,0,0,0,0,0,97903.32,0,88899.05,0,0,0,0,0,0,0,0,0,0,0
12,ISAGEN S.A. E.S.P.,32,JAGUAS,7,GENERADORA Y COMERCIALIZADORA DE ENERGIA DEL CARIBE S.A. E.S.P.,PD,0,ANTIOQUI,7,CORDOSUC,0,735,0,0,0,0,0,0,0,0,0,0,95.92,0,0,0,0,0,0,0,0,0,0,0,0,0,0,0,0,0,0,0,0,0,0,0,98812.54,0,0,0,0,0,0,0,0,0,0,0,0,0
12,ISAGEN S.A. E.S.P.,108,SOGAMOSO,7,GENERADORA Y COMERCIALIZADORA DE ENERGIA DEL CARIBE S.A. E.S.P.,PC,14,NORDESTE,7,CORDOSUC,0,735,0,0,0,0,0,0,0,0,0,0,0,147.88,0,0,28.61,0,0,0,0,0,40.54,0,0,0,0,0,0,0,0,0,0,0,0,0,0,102366.16,0,0,98481.41,0,0,0,0,0,161480.25,0,0,0
27,GESTIÓN ENERGÉTICA S.A. E.S.P.,74,PAIPA1,7,GENERADORA Y COMERCIALIZADORA DE ENERGIA DEL CARIBE S.A. E.S.P.,PC,14,NORDESTE,7,CORDOSUC,0,735,0,0,0,0,0,0,0,0,0,0,0,0,0,24.8,0,0,0,0,0,0,24.8,0,0,0,0,0,0,0,0,0,0,0,0,0,0,0,0,118133.02,0,0,0,0,0,0,121355.03,0,0,0
27,GESTIÓN ENERGÉTICA S.A. E.S.P.,75,PAIPA2,7,GENERADORA Y COMERCIALIZADORA DE ENERGIA DEL CARIBE S.A. E.S.P.,PC,14,NORDESTE,7,CORDOSUC,0,735,0,0,0,0,0,0,0,0,0,0,0,0,0,56,0,0,0,0,0,0,0,0,0,0,0,0,0,0,0,0,0,0,0,0,0,0,0,130455.36,0,0,0,0,0,0,0,0,0,0
12,ISAGEN S.A. E.S.P.,56,MIEL1,7,GENERADORA Y COMERCIALIZADORA DE ENERGIA DEL CARIBE S.A. E.S.P.,PC,11,LAMIEL,7,CORDOSUC,0,735,0,0,0,0,0,0,0,0,0,0,0,0,0,63.2,0,0,0,0,0,0,0,0,0,0,0,0,0,0,0,0,0,0,0,0,0,0,0,140435.05,0,0,0,0,0,0,0,0,0,0
22,CELSIA S.A E.S.P.,114,PORVENIRII,7,GENERADORA Y COMERCIALIZADORA DE ENERGIA DEL CARIBE S.A. E.S.P.,PC,16,SANCARLO,7,CORDOSUC,0,735,0,0,0,0,0,0,0,0,0,0,0,0,0,0,109.55,0,0,0,0,0,0,0,0,0,0,0,0,0,0,0,0,0,0,0,0,0,0,0,133323.01,0,0,0,0,0,0,0,0,0
2,EMGESA S.A E.S.P,107,ELQUIMBO,7,GENERADORA Y COMERCIALIZADORA DE ENERGIA DEL CARIBE S.A. E.S.P.,PC,10,HUILACAQ,7,CORDOSUC,0,735,0,0,0,0,0,0,0,0,0,0,0,0,0,0,0,151.5,0,0,0,0,0,0,0,0,0,0,0,0,0,0,0,0,0,0,0,0,0,0,0,100730.49,0,0,0,0,0,0,0,0
12,ISAGEN S.A. E.S.P.,104,AMOYA,7,GENERADORA Y COMERCIALIZADORA DE ENERGIA DEL CARIBE S.A. E.S.P.,PC,17,TOLIMA,7,CORDOSUC,0,735,0,0,0,0,0,0,0,0,0,0,0,0,0,0,0,0,62.4,0,0,0,0,0,0,0,0,0,0,0,0,0,0,0,0,0,0,0,0,0,0,0,123628.73,0,0,0,0,0,0,0
2,EMGESA S.A E.S.P,3,BETANIA,7,GENERADORA Y COMERCIALIZADORA DE ENERGIA DEL CARIBE S.A. E.S.P.,PD,10,HUILACAQ,7,CORDOSUC,0,735,0,0,0,0,0,0,0,0,0,0,0,0,0,0,0,0,86.92,0,0,0,0,0,0,0,0,0,0,0,0,0,0,0,0,0,0,0,0,0,0,0,128140.44,0,0,0,0,0,0,0
2,EMGESA S.A E.S.P,30,GUAVIO,7,GENERADORA Y COMERCIALIZADORA DE ENERGIA DEL CARIBE S.A. E.S.P.,PD,2,BOGOTA,7,CORDOSUC,0,735,0,0,0,0,0,0,0,0,0,0,0,0,0,0,0,0,0,82.22,0,0,0,0,0,0,0,0,0,0,0,0,0,0,0,0,0,0,0,0,0,0,0,95229.07,0,0,0,0,0,0
38,HIDROELÉCTRICA PESCADERO ITUANGO S.A. E.S.P.,113,ITUANGO,7,GENERADORA Y COMERCIALIZADORA DE ENERGIA DEL CARIBE S.A. E.S.P.,PD,0,ANTIOQUI,7,CORDOSUC,0,735,0,0,0,0,0,0,0,0,0,0,0,0,0,0,0,0,0,0,191.42,0,0,138.97,0,0,0,0,0,0,0,0,0,0,0,0,0,0,0,0,0,0,0,0,133064.67,0,0,124583.34,0,0
0,EMPRESA DE ENERGÍA DEL PACÍFICO S.A. E.S.P.,96,TVALLE,7,GENERADORA Y COMERCIALIZADORA DE ENERGIA DEL CARIBE S.A. E.S.P.,PD,18,VALLECAU,7,CORDOSUC,0,735,0,0,0,0,0,0,0,0,0,0,0,0,0,0,0,0,0,0,0,164,0,0,0,0,0,0,0,0,0,0,0,0,0,0,0,0,0,0,0,0,0,0,0,150039.78,0,0,0,0
2,EMGESA S.A E.S.P,101,ZIPAEMG3,7,GENERADORA Y COMERCIALIZADORA DE ENERGIA DEL CARIBE S.A. E.S.P.,PD,2,BOGOTA,7,CORDOSUC,0,735,0,0,0,0,0,0,0,0,0,0,0,0,0,0,0,0,0,0,0,38.94,50.4,0,0,0,0,0,0,0,0,0,0,0,0,0,0,0,0,0,0,0,0,0,0,155127.44,139032.25,0,0,0
27,GESTIÓN ENERGÉTICA S.A. E.S.P.,76,PAIPA3,7,GENERADORA Y COMERCIALIZADORA DE ENERGIA DEL CARIBE S.A. E.S.P.,PC,14,NORDESTE,7,CORDOSUC,0,735,0,0,0,0,0,0,0,0,0,0,0,0,0,0,0,0,0,0,0,0,56,0,0,0,0,0,0,0,0,0,0,0,0,0,0,0,0,0,0,0,0,0,0,0,132341.68,0,0,0
2,EMGESA S.A E.S.P,100,ZIPAEMG2,7,GENERADORA Y COMERCIALIZADORA DE ENERGIA DEL CARIBE S.A. E.S.P.,PC,2,BOGOTA,7,CORDOSUC,0,735,0,0,0,0,0,0,0,0,0,0,0,0,0,0,0,0,0,0,0,0,27.2,0,0,0,0,0,0,0,0,0,0,0,0,0,0,0,0,0,0,0,0,0,0,0,136936.14,0,0,0
2,EMGESA S.A E.S.P,102,ZIPAEMG4,7,GENERADORA Y COMERCIALIZADORA DE ENERGIA DEL CARIBE S.A. E.S.P.,PC,2,BOGOTA,7,CORDOSUC,0,735,0,0,0,0,0,0,0,0,0,0,0,0,0,0,0,0,0,0,0,0,0,51.2,0,0,0,0,0,0,0,0,0,0,0,0,0,0,0,0,0,0,0,0,0,0,0,117457.96,0,0
0,EMPRESA DE ENERGÍA DEL PACÍFICO S.A. E.S.P.,0,ALBAN,4,EMPRESAS MUNICIPALES DE CALI E.I.C.E. E.S.P.,PC,18,VALLECAU,4,CAUCANAR,0,735,93.18,0,0,0,96.07,0,0,0,0,105.61,0,0,0,0,0,0,0,0,0,0,0,0,0,0,100612.72,0,0,0,91756.83,0,0,0,0,98632.24,0,0,0,0,0,0,0,0,0,0,0,0,0,0
2,EMGESA S.A E.S.P,107,ELQUIMBO,4,EMPRESAS MUNICIPALES DE CALI E.I.C.E. E.S.P.,PD,10,HUILACAQ,4,CAUCANAR,0,735,0,87.53,0,0,0,0,0,0,0,0,0,0,0,0,0,0,153.16,0,0,0,0,0,0,0,0,97009.42,0,0,0,0,0,0,0,0,0,0,0,0,0,0,110698.82,0,0,0,0,0,0,0
12,ISAGEN S.A. E.S.P.,108,SOGAMOSO,4,EMPRESAS MUNICIPALES DE CALI E.I.C.E. E.S.P.,PD,14,NORDESTE,4,CAUCANAR,0,735,0,0,85.79,0,0,0,27.65,0,153.03,0,0,0,0,0,0,0,0,0,0,0,0,0,0,0,0,0,98851.94,0,0,0,95117.04,0,92510.52,0,0,0,0,0,0,0,0,0,0,0,0,0,0,0
11,EMPRESAS PÚBLICAS DE MEDELLÍN E.S.P.,79,PORCE2,4,EMPRESAS MUNICIPALES DE CALI E.I.C.E. E.S.P.,PC,0,ANTIOQUI,4,CAUCANAR,0,735,0,0,0,87.7,0,0,120.43,0,0,0,0,0,0,0,0,0,0,0,0,0,0,0,0,106.22,0,0,0,79803.28,0,0,76032.87,0,0,0,0,0,0,0,0,0,0,0,0,0,0,0,0,81874.53
38,HIDROELÉCTRICA PESCADERO ITUANGO S.A. E.S.P.,113,ITUANGO,4,EMPRESAS MUNICIPALES DE CALI E.I.C.E. E.S.P.,PD,0,ANTIOQUI,4,CAUCANAR,0,735,0,0,0,0,0,122.98,0,15.06,0,0,0,0,0,0,0,0,0,0,0,0,215.79,111.24,0,0,0,0,0,0,0,106404.14,0,112670.3,0,0,0,0,0,0,0,0,0,0,0,0,100944.76,124900.28,0,0
12,ISAGEN S.A. E.S.P.,86,SANCARLOS,4,EMPRESAS MUNICIPALES DE CALI E.I.C.E. E.S.P.,PD,16,SANCARLO,4,CAUCANAR,0,735,0,0,0,0,0,0,0,134.42,0,51.26,0,0,0,0,0,0,0,0,0,0,0,0,0,0,0,0,0,0,0,0,0,96641.51,0,89113.38,0,0,0,0,0,0,0,0,0,0,0,0,0,0
12,ISAGEN S.A. E.S.P.,32,JAGUAS,4,EMPRESAS MUNICIPALES DE CALI E.I.C.E. E.S.P.,PC,0,ANTIOQUI,4,CAUCANAR,0,735,0,0,0,0,0,0,0,0,0,0,40.08,0,0,0,0,0,0,0,0,0,0,0,0,0,0,0,0,0,0,0,0,0,0,0,86538.75,0,0,0,0,0,0,0,0,0,0,0,0,0
2,EMGESA S.A E.S.P,30,GUAVIO,4,EMPRESAS MUNICIPALES DE CALI E.I.C.E. E.S.P.,PC,2,BOGOTA,4,CAUCANAR,0,735,0,0,0,0,0,0,0,0,0,0,122.39,0,0,0,0,147.58,0,0,231.41,0,0,0,121.84,0,0,0,0,0,0,0,0,0,0,0,93612.16,0,0,0,0,108516.03,0,0,103040.43,0,0,0,99995.96,0
2,EMGESA S.A E.S.P,101,ZIPAEMG3,4,EMPRESAS MUNICIPALES DE CALI E.I.C.E. E.S.P.,PD,2,BOGOTA,4,CAUCANAR,0,735,0,0,0,0,0,0,0,0,0,0,0,50.4,50.4,0,0,0,0,0,0,0,0,0,0,0,0,0,0,0,0,0,0,0,0,0,0,127649,115205.03,0,0,0,0,0,0,0,0,0,0,0
2,EMGESA S.A E.S.P,103,ZIPAEMG5,4,EMPRESAS MUNICIPALES DE CALI E.I.C.E. E.S.P.,PD,2,BOGOTA,4,CAUCANAR,0,735,0,0,0,0,0,0,0,0,0,0,0,51.2,0,0,0,0,0,0,0,0,0,0,0,0,0,0,0,0,0,0,0,0,0,0,0,156832.82,0,0,0,0,0,0,0,0,0,0,0,0
12,ISAGEN S.A. E.S.P.,56,MIEL1,4,EMPRESAS MUNICIPALES DE CALI E.I.C.E. E.S.P.,PD,11,LAMIEL,4,CAUCANAR,0,735,0,0,0,0,0,0,0,0,0,0,0,63.9,0,143.85,0,0,0,0,0,0,0,0,0,0,0,0,0,0,0,0,0,0,0,0,0,164770.28,0,120963.14,0,0,0,0,0,0,0,0,0,0
12,ISAGEN S.A. E.S.P.,104,AMOYA,4,EMPRESAS MUNICIPALES DE CALI E.I.C.E. E.S.P.,PC,17,TOLIMA,4,CAUCANAR,0,735,0,0,0,0,0,0,0,0,0,0,0,0,62.4,0,0,0,0,0,0,0,0,62.4,0,0,0,0,0,0,0,0,0,0,0,0,0,0,112792.3,0,0,0,0,0,0,0,0,91358.15,0,0
2,EMGESA S.A E.S.P,102,ZIPAEMG4,4,EMPRESAS MUNICIPALES DE CALI E.I.C.E. E.S.P.,PD,2,BOGOTA,4,CAUCANAR,0,735,0,0,0,0,0,0,0,0,0,0,0,0,41.13,0,0,0,0,0,0,0,0,0,0,0,0,0,0,0,0,0,0,0,0,0,0,0,119116.43,0,0,0,0,0,0,0,0,0,0,0
11,EMPRESAS PÚBLICAS DE MEDELLÍN E.S.P.,29,GUATRON,4,EMPRESAS MUNICIPALES DE CALI E.I.C.E. E.S.P.,PD,0,ANTIOQUI,4,CAUCANAR,0,735,0,0,0,0,0,0,0,0,0,0,0,0,0,0,144.02,0,0,0,0,0,0,0,0,0,0,0,0,0,0,0,0,0,0,0,0,0,0,0,78534.45,0,0,0,0,0,0,0,0,0
33,EMPRESA URRÁ S.A. E.S.P.,98,URRA,4,EMPRESAS MUNICIPALES DE CALI E.I.C.E. E.S.P.,PC,5,CERROMAT,4,CAUCANAR,0,735,0,0,0,0,0,0,0,0,0,0,0,0,0,0,0,0,0,166.26,0,237.73,0,0,0,0,0,0,0,0,0,0,0,0,0,0,0,0,0,0,0,0,0,107735.67,0,91053.63,0,0,0,0
11,EMPRESAS PÚBLICAS DE MEDELLÍN E.S.P.,28,GUATAPE,4,EMPRESAS MUNICIPALES DE CALI E.I.C.E. E.S.P.,PD,0,ANTIOQUI,4,CAUCANAR,0,735,0,0,0,0,0,0,0,0,0,0,0,0,0,0,0,0,0,0,0,0,0,0,13.6,0,0,0,0,0,0,0,0,0,0,0,0,0,0,0,0,0,0,0,0,0,0,0,66079.92,0
27,GESTIÓN ENERGÉTICA S.A. E.S.P.,74,PAIPA1,17,EMGESA S.A. E.S.P.,PC,14,NORDESTE,17,TOLIMA,0,735,24.8,0,0,0,0,0,0,0,0,24.8,0,0,0,0,0,0,0,0,0,0,0,0,0,0,103469.96,0,0,0,0,0,0,0,0,116899.04,0,0,0,0,0,0,0,0,0,0,0,0,0,0
2,EMGESA S.A E.S.P,107,ELQUIMBO,17,EMGESA S.A. E.S.P.,PD,10,HUILACAQ,17,TOLIMA,0,735,80.17,0,0,0,0,0,0,0,0,0,0,0,0,133.54,0,0,0,0,0,0,0,0,0,0,106739.33,0,0,0,0,0,0,0,0,0,0,0,0,94849.43,0,0,0,0,0,0,0,0,0,0
2,EMGESA S.A E.S.P,30,GUAVIO,17,EMGESA S.A. E.S.P.,PD,2,BOGOTA,17,TOLIMA,0,735,0,101.17,0,0,0,0,0,0,0,0,0,0,119.89,0,0,80.51,0,0,0,0,166.94,0,0,0,0,103578.74,0,0,0,0,0,0,0,0,0,0,105343.91,0,0,123219.02,0,0,0,0,107499.36,0,0,0
11,EMPRESAS PÚBLICAS DE MEDELLÍN E.S.P.,29,GUATRON,17,EMGESA S.A. E.S.P.,PD,0,ANTIOQUI,17,TOLIMA,0,735,0,0,98.85,0,0,0,0,0,0,0,0,0,14.54,0,134.72,0,0,0,0,0,0,0,0,0,0,0,96501.92,0,0,0,0,0,0,0,0,0,77656.37,0,110512.63,0,0,0,0,0,0,0,0,0
11,EMPRESAS PÚBLICAS DE MEDELLÍN E.S.P.,79,PORCE2,17,EMGESA S.A. E.S.P.,PD,0,ANTIOQUI,17,TOLIMA,0,735,0,0,0,42.18,99.99,0,0,0,0,0,0,0,0,0,0,0,0,0,0,0,0,0,0,0,0,0,0,95518.07,94974.91,0,0,0,0,0,0,0,0,0,0,0,0,0,0,0,0,0,0,0
0,EMPRESA DE ENERGÍA DEL PACÍFICO S.A. E.S.P.,0,ALBAN,17,EMGESA S.A. E.S.P.,PC,18,VALLECAU,17,TOLIMA,0,735,0,0,0,55.82,0,0,0,0,0,4.39,133.66,0,0,0,0,0,134.39,0,0,0,0,0,66.43,0,0,0,0,113636.1,0,0,0,0,0,160915.87,91718.21,0,0,0,0,0,100485.11,0,0,0,0,0,116952.73,0
38,HIDROELÉCTRICA PESCADERO ITUANGO S.A. E.S.P.,113,ITUANGO,17,EMGESA S.A. E.S.P.,PD,0,ANTIOQUI,17,TOLIMA,0,735,0,0,0,0,0,104.89,45.66,113.48,121.08,0,0,137.73,0,0,0,0,0,0,0,0,0,0,0,0,0,0,0,0,0,90404.72,97180.39,112339.56,117142.85,0,0,98034.13,0,0,0,0,0,0,0,0,0,0,0,0
11,EMPRESAS PÚBLICAS DE MEDELLÍN E.S.P.,28,GUATAPE,17,EMGESA S.A. E.S.P.,PC,0,ANTIOQUI,17,TOLIMA,0,735,0,0,0,0,0,0,60.51,0,0,0,0,0,0,0,0,0,0,0,0,0,0,0,0,0,0,0,0,0,0,0,77833.41,0,0,0,0,0,0,0,0,0,0,0,0,0,0,0,0,0
0,EMPRESA DE ENERGÍA DEL PACÍFICO S.A. E.S.P.,106,CUCUANA,17,EMGESA S.A. E.S.P.,PC,17,TOLIMA,17,TOLIMA,0,735,0,0,0,0,0,0,0,0,0,48,0,0,0,0,0,0,0,0,0,0,0,0,0,0,0,0,0,0,0,0,0,0,0,128002.56,0,0,0,0,0,0,0,0,0,0,0,0,0,0
2,EMGESA S.A E.S.P,102,ZIPAEMG4,17,EMGESA S.A. E.S.P.,PD,2,BOGOTA,17,TOLIMA,0,735,0,0,0,0,0,0,0,0,0,51.2,0,0,0,0,0,0,0,0,0,0,0,0,0,0,0,0,0,0,0,0,0,0,0,154479.38,0,0,0,0,0,0,0,0,0,0,0,0,0,0
27,GESTIÓN ENERGÉTICA S.A. E.S.P.,76,PAIPA3,17,EMGESA S.A. E.S.P.,PD,14,NORDESTE,17,TOLIMA,0,735,0,0,0,0,0,0,0,0,0,0,0,0,0,0,0,54.15,0,0,0,10.01,0,0,0,0,0,0,0,0,0,0,0,0,0,0,0,0,0,0,0,123073.99,0,0,0,128702.14,0,0,0,0
12,ISAGEN S.A. E.S.P.,86,SANCARLOS,17,EMGESA S.A. E.S.P.,PD,16,SANCARLO,17,TOLIMA,0,735,0,0,0,0,0,0,0,0,0,0,0,0,0,0,0,0,0,139.42,0,0,0,0,0,77.55,0,0,0,0,0,0,0,0,0,0,0,0,0,0,0,0,0,86593.39,0,0,0,0,0,79771.08
12,ISAGEN S.A. E.S.P.,108,SOGAMOSO,17,EMGESA S.A. E.S.P.,PD,14,NORDESTE,17,TOLIMA,0,735,0,0,0,0,0,0,0,0,0,0,0,0,0,0,0,0,0,0,168.5,0,0,148.08,0,35.63,0,0,0,0,0,0,0,0,0,0,0,0,0,0,0,0,0,0,101028.44,0,0,103509.33,0,95687.84
27,GESTIÓN ENERGÉTICA S.A. E.S.P.,77,PAIPA4,17,EMGESA S.A. E.S.P.,PD,14,NORDESTE,17,TOLIMA,0,735,0,0,0,0,0,0,0,0,0,0,0,0,0,0,0,0,0,0,0,117.45,0,0,0,0,0,0,0,0,0,0,0,0,0,0,0,0,0,0,0,0,0,0,0,107664.25,0,0,0,0
12,ISAGEN S.A. E.S.P.,56,MIEL1,17,EMGESA S.A. E.S.P.,PD,11,LAMIEL,17,TOLIMA,0,735,0,0,0,0,0,0,0,0,0,0,0,0,0,0,0,0,0,0,0,47.2,0,0,0,0,0,0,0,0,0,0,0,0,0,0,0,0,0,0,0,0,0,0,0,131159.63,0,0,0,0
12,ISAGEN S.A. E.S.P.,104,AMOYA,17,EMGESA S.A. E.S.P.,PC,17,TOLIMA,17,TOLIMA,0,735,0,0,0,0,0,0,0,0,0,0,0,0,0,0,0,0,0,0,0,0,0,0,62.4,0,0,0,0,0,0,0,0,0,0,0,0,0,0,0,0,0,0,0,0,0,0,0,110508.44,0
38,HIDROELÉCTRICA PESCADERO ITUANGO S.A. E.S.P.,113,ITUANGO,10,ELECTRIFICADORA DEL HUILA S.A. E.S.P.,PD,0,ANTIOQUI,10,HUILACAQ,0,735,75.21,0,0,0,0,0,0,0,0,0,0,0,0,0,107.44,108.86,0,0,0,0,0,65.81,0,84.47,99160.23,0,0,0,0,0,0,0,0,0,0,0,0,0,105517.44,89985.07,0,0,0,0,0,135758.49,0,98685.92
12,ISAGEN S.A. E.S.P.,104,AMOYA,10,ELECTRIFICADORA DEL HUILA S.A. E.S.P.,PC,17,TOLIMA,10,HUILACAQ,0,735,0,23.39,0,0,0,0,0,0,0,0,0,0,0,0,0,0,0,0,0,0,0,0,0,0,0,105541.26,0,0,0,0,0,0,0,0,0,0,0,0,0,0,0,0,0,0,0,0,0,0
12,ISAGEN S.A. E.S.P.,108,SOGAMOSO,10,ELECTRIFICADORA DEL HUILA S.A. E.S.P.,PD,14,NORDESTE,10,HUILACAQ,0,735,0,48.52,0,0,69.48,0,0,0,0,0,0,109.21,0,0,0,0,0,0,144.94,0,142.67,0,0,0,0,107351.73,0,0,90768.01,0,0,0,0,0,0,104246.6,0,0,0,0,0,0,100927.1,0,95536.29,0,0,0
11,EMPRESAS PÚBLICAS DE MEDELLÍN E.S.P.,29,GUATRON,10,ELECTRIFICADORA DEL HUILA S.A. E.S.P.,PC,0,ANTIOQUI,10,HUILACAQ,0,735,0,0,69.73,0,0,0,0,0,0,0,0,0,0,0,0,0,0,0,0,0,0,0,0,0,0,0,110091.14,0,0,0,0,0,0,0,0,0,0,0,0,0,0,0,0,0,0,0,0,0
0,EMPRESA DE ENERGÍA DEL PACÍFICO S.A. E.S.P.,0,ALBAN,10,ELECTRIFICADORA DEL HUILA S.A. E.S.P.,PC,18,VALLECAU,10,HUILACAQ,0,735,0,0,0,68.51,0,0,0,0,0,94.92,0,0,0,0,0,0,0,0,0,0,0,0,101.69,0,0,0,0,95748.8,0,0,0,0,0,92394.13,0,0,0,0,0,0,0,0,0,0,0,0,100142.36,0
12,ISAGEN S.A. E.S.P.,86,SANCARLOS,10,ELECTRIFICADORA DEL HUILA S.A. E.S.P.,PD,16,SANCARLO,10,HUILACAQ,0,735,0,0,0,0,0,72.97,0,0,0,0,0,0,0,0,0,0,0,31.18,0,0,0,0,0,0,0,0,0,0,0,95852.84,0,0,0,0,0,0,0,0,0,0,0,77568.05,0,0,0,0,0,0
27,GESTIÓN ENERGÉTICA S.A. E.S.P.,74,PAIPA1,10,ELECTRIFICADORA DEL HUILA S.A. E.S.P.,PC,14,NORDESTE,10,HUILACAQ,0,735,0,0,0,0,0,2.39,0,0,0,0,0,0,0,0,0,0,0,0,0,0,0,0,0,0,0,0,0,0,0,102419.06,0,0,0,0,0,0,0,0,0,0,0,0,0,0,0,0,0,0
33,EMPRESA URRÁ S.A. E.S.P.,98,URRA,10,ELECTRIFICADORA DEL HUILA S.A. E.S.P.,PC,5,CERROMAT,10,HUILACAQ,0,735,0,0,0,0,0,0,79.11,0,0,0,0,0,0,0,0,0,0,77.67,0,0,0,0,0,0,0,0,0,0,0,0,116572.65,0,0,0,0,0,0,0,0,0,0,87875.13,0,0,0,0,0,0
2,EMGESA S.A E.S.P,73,PAGUA,10,ELECTRIFICADORA DEL HUILA S.A. E.S.P.,PD,15,PAGUA,10,HUILACAQ,0,735,0,0,0,0,0,0,0,86.06,0,0,0,0,0,0,0,0,0,0,0,0,0,0,0,0,0,0,0,0,0,0,0,113292.85,0,0,0,0,0,0,0,0,0,0,0,0,0,0,0,0
11,EMPRESAS PÚBLICAS DE MEDELLÍN E.S.P.,79,PORCE2,10,ELECTRIFICADORA DEL HUILA S.A. E.S.P.,PC,0,ANTIOQUI,10,HUILACAQ,0,735,0,0,0,0,0,0,0,0,93.84,0,0,0,0,0,0,0,0,0,0,0,0,0,0,0,0,0,0,0,0,0,0,0,91211.56,0,0,0,0,0,0,0,0,0,0,0,0,0,0,0
27,GESTIÓN ENERGÉTICA S.A. E.S.P.,77,PAIPA4,10,ELECTRIFICADORA DEL HUILA S.A. E.S.P.,PC,14,NORDESTE,10,HUILACAQ,0,735,0,0,0,0,0,0,0,0,0,4.68,0,0,0,0,0,0,0,0,0,0,0,0,0,0,0,0,0,0,0,0,0,0,0,119621.77,0,0,0,0,0,0,0,0,0,0,0,0,0,0
2,EMGESA S.A E.S.P,30,GUAVIO,10,ELECTRIFICADORA DEL HUILA S.A. E.S.P.,PD,2,BOGOTA,10,HUILACAQ,0,735,0,0,0,0,0,0,0,0,0,0,104.97,0,104.82,0,0,0,0,0,0,0,0,0,0,0,0,0,0,0,0,0,0,0,0,0,128047.95,0,108564.91,0,0,0,0,0,0,0,0,0,0,0
2,EMGESA S.A E.S.P,3,BETANIA,10,ELECTRIFICADORA DEL HUILA S.A. E.S.P.,PC,10,HUILACAQ,10,HUILACAQ,0,735,0,0,0,0,0,0,0,0,0,0,0,0,0,103.64,0,0,0,0,0,0,0,0,0,0,0,0,0,0,0,0,0,0,0,0,0,0,0,131608.2,0,0,0,0,0,0,0,0,0,0
12,ISAGEN S.A. E.S.P.,56,MIEL1,10,ELECTRIFICADORA DEL HUILA S.A. E.S.P.,PC,11,LAMIEL,10,HUILACAQ,0,735,0,0,0,0,0,0,0,0,0,0,0,0,0,0,0,0,108.32,0,0,149.75,0,0,0,0,0,0,0,0,0,0,0,0,0,0,0,0,0,0,0,0,119529.47,0,0,136835.04,0,0,0,0
27,GESTIÓN ENERGÉTICA S.A. E.S.P.,76,PAIPA3,10,ELECTRIFICADORA DEL HUILA S.A. E.S.P.,PC,14,NORDESTE,10,HUILACAQ,0,735,0,0,0,0,0,0,0,0,0,0,0,0,0,0,0,0,0,0,0,0,0,56,0,0,0,0,0,0,0,0,0,0,0,0,0,0,0,0,0,0,0,0,0,0,0,134750.5,0,0
0,EMPRESA DE ENERGÍA DEL PACÍFICO S.A. E.S.P.,0,ALBAN,21,ECUADOR,PD,18,VALLECAU,21,ECUADOR220,0,735,101.86,0,0,0,0,0,0,0,77.42,0,0,0,0,0,0,0,0,0,0,0,0,0,0,109.61,91748.72,0,0,0,0,0,0,0,95582.31,0,0,0,0,0,0,0,0,0,0,0,0,0,0,92826.54
38,HIDROELÉCTRICA PESCADERO ITUANGO S.A. E.S.P.,113,ITUANGO,21,ECUADOR,PC,0,ANTIOQUI,21,ECUADOR220,0,735,21.21,123.93,0,0,0,83.04,0,0,0,0,0,102.84,91.01,0,0,106.01,0,0,62.59,0,0,0,0,0,94063.12,102740.45,0,0,0,122175.9,0,0,0,0,0,89444.6,128067.19,0,0,99869.32,0,0,127017.36,0,0,0,0,0
12,ISAGEN S.A. E.S.P.,86,SANCARLOS,21,ECUADOR,PC,16,SANCARLO,21,ECUADOR220,0,735,0,0,119.7,0,0,0,0,0,0,0,0,0,0,0,109.57,0,0,0,0,0,0,0,0,0,0,0,88904.14,0,0,0,0,0,0,0,0,0,0,0,99411.52,0,0,0,0,0,0,0,0,0
33,EMPRESA URRÁ S.A. E.S.P.,98,URRA,21,ECUADOR,PC,5,CERROMAT,21,ECUADOR220,0,735,0,0,0,117.8,116.28,0,0,0,0,0,0,0,0,0,0,0,0,0,0,23.38,0,0,0,0,0,0,0,106771.53,93964.48,0,0,0,0,0,0,0,0,0,0,0,0,0,0,108604.84,0,0,0,0
27,GESTIÓN ENERGÉTICA S.A. E.S.P.,74,PAIPA1,21,ECUADOR,PC,14,NORDESTE,21,ECUADOR220,0,735,0,0,0,0,0,22.41,0,0,0,0,0,0,0,0,0,0,0,0,0,24.8,0,24.8,24.8,0,0,0,0,0,0,114808.3,0,0,0,0,0,0,0,0,0,0,0,0,0,128814.05,0,104245.02,107001.15,0
2,EMGESA S.A E.S.P,30,GUAVIO,21,ECUADOR,PC,2,BOGOTA,21,ECUADOR220,0,735,0,0,0,0,0,0,91.73,0,0,0,0,0,0,0,0,0,0,66.99,0,9.97,0,0,0,0,0,0,0,0,0,0,93687.47,0,0,0,0,0,0,0,0,0,0,105440.39,0,132645.99,0,0,0,0
2,EMGESA S.A E.S.P,73,PAGUA,21,ECUADOR,PD,15,PAGUA,21,ECUADOR220,0,735,0,0,0,0,0,0,0,93.45,0,0,0,0,0,0,0,0,0,0,0,0,0,0,0,0,0,0,0,0,0,0,0,72300.45,0,0,0,0,0,0,0,0,0,0,0,0,0,0,0,0
12,ISAGEN S.A. E.S.P.,56,MIEL1,21,ECUADOR,PD,11,LAMIEL,21,ECUADOR220,0,735,0,0,0,0,0,0,0,0,19.01,0,0,0,0,106.16,0,0,0,0,0,0,0,0,0,0,0,0,0,0,0,0,0,0,105731.45,0,0,0,0,115130.74,0,0,0,0,0,0,0,0,0,0
12,ISAGEN S.A. E.S.P.,108,SOGAMOSO,21,ECUADOR,PC,14,NORDESTE,21,ECUADOR220,0,735,0,0,0,0,0,0,0,0,0,98.47,0,0,0,0,0,0,0,0,0,0,55.9,0,0,12.84,0,0,0,0,0,0,0,0,0,99426.66,0,0,0,0,0,0,0,0,0,0,101263.44,0,0,113868.53
2,EMGESA S.A E.S.P,103,ZIPAEMG5,21,ECUADOR,PC,2,BOGOTA,21,ECUADOR220,0,735,0,0,0,0,0,0,0,0,0,0,51.2,0,0,0,0,0,0,0,0,0,0,0,0,0,0,0,0,0,0,0,0,0,0,0,133134.5,0,0,0,0,0,0,0,0,0,0,0,0,0
27,GESTIÓN ENERGÉTICA S.A. E.S.P.,77,PAIPA4,21,ECUADOR,PC,14,NORDESTE,21,ECUADOR220,0,735,0,0,0,0,0,0,0,0,0,0,49.19,0,0,0,0,0,0,0,0,0,0,0,69.59,0,0,0,0,0,0,0,0,0,0,0,133345.73,0,0,0,0,0,0,0,0,0,0,0,110051,0
2,EMGESA S.A E.S.P,102,ZIPAEMG4,21,ECUADOR,PD,2,BOGOTA,21,ECUADOR220,0,735,0,0,0,0,0,0,0,0,0,0,0,0,10.07,0,0,0,0,0,0,0,0,0,0,0,0,0,0,0,0,0,0,0,0,0,0,0,124838.73,0,0,0,0,0,0,0,0,0,0,0
2,EMGESA S.A E.S.P,107,ELQUIMBO,21,ECUADOR,PD,10,HUILACAQ,21,ECUADOR220,0,735,0,0,0,0,0,0,0,0,0,0,0,0,0,0,0,0,93.4,0,0,0,0,0,0,0,0,0,0,0,0,0,0,0,0,0,0,0,0,0,0,0,95230.09,0,0,0,0,0,0,0
27,GESTIÓN ENERGÉTICA S.A. E.S.P.,75,PAIPA2,21,ECUADOR,PD,14,NORDESTE,21,ECUADOR220,0,735,0,0,0,0,0,0,0,0,0,0,0,0,0,0,0,0,0,0,0,0,0,46.4,0,0,0,0,0,0,0,0,0,0,0,0,0,0,0,0,0,0,0,0,0,0,0,130063.97,0,0
2,EMGESA S.A E.S.P,30,GUAVIO,13,ELECTRIFICADORA DEL META S.A. E.S.P.,PC,2,BOGOTA,13,META,0,735,71.27,0,0,26.49,0,0,0,0,87.09,0,0,0,0,0,0,0,0,0,24.02,0,0,107.16,0,0,98155.33,0,0,100075.11,0,0,0,0,100487.66,0,0,0,0,0,0,0,0,0,155783.66,0,0,101851.13,0,0
11,EMPRESAS PÚBLICAS DE MEDELLÍN E.S.P.,79,PORCE2,13,ELECTRIFICADORA DEL META S.A. E.S.P.,PD,0,ANTIOQUI,13,META,0,735,0,0.08,0,0,0,0,0,0,0,0,0,0,0,0,0,0,0,0,0,0,0,0,0,0,0,81056.3,0,0,0,0,0,0,0,0,0,0,0,0,0,0,0,0,0,0,0,0,0,0
0,EMPRESA DE ENERGÍA DEL PACÍFICO S.A. E.S.P.,0,ALBAN,13,ELECTRIFICADORA DEL META S.A. E.S.P.,PD,18,VALLECAU,13,META,0,735,0,67.68,0,0,0,70.17,0,0,0,0,0,0,0,0,0,0,0,100.4,0,0,0,0,0,0,0,100389.9,0,0,0,96078.6,0,0,0,0,0,0,0,0,0,0,0,92914.23,0,0,0,0,0,0
12,ISAGEN S.A. E.S.P.,86,SANCARLOS,13,ELECTRIFICADORA DEL META S.A. E.S.P.,PC,16,SANCARLO,13,META,0,735,0,0,65.74,38.74,0,0,0,0,0,0,0,0,0,0,48.72,0,0,0,0,0,0,0,0,0,0,0,96329.82,66357.87,0,0,0,0,0,0,0,0,0,0,79923.72,0,0,0,0,0,0,0,0,0
11,EMPRESAS PÚBLICAS DE MEDELLÍN E.S.P.,29,GUATRON,13,ELECTRIFICADORA DEL META S.A. E.S.P.,PC,0,ANTIOQUI,13,META,0,735,0,0,0,0,65.57,0,0,0,0,0,0,0,0,0,0,0,0,0,0,0,0,0,92.65,0,0,0,0,0,82929.26,0,0,0,0,0,0,0,0,0,0,0,0,0,0,0,0,0,89600.18,0
33,EMPRESA URRÁ S.A. E.S.P.,98,URRA,13,ELECTRIFICADORA DEL META S.A. E.S.P.,PD,5,CERROMAT,13,META,0,735,0,0,0,0,0,0,69.73,0,0,0,0,0,0,0,0,0,0,0,0,0,0,0,0,3.38,0,0,0,0,0,0,87473.95,0,0,0,0,0,0,0,0,0,0,0,0,0,0,0,0,96104.27
2,EMGESA S.A E.S.P,73,PAGUA,13,ELECTRIFICADORA DEL META S.A. E.S.P.,PC,15,PAGUA,13,META,0,735,0,0,0,0,0,0,0,76.43,0,0,0,0,0,0,0,0,0,0,0,0,0,0,0,0,0,0,0,0,0,0,0,73725.66,0,0,0,0,0,0,0,0,0,0,0,0,0,0,0,0
38,HIDROELÉCTRICA PESCADERO ITUANGO S.A. E.S.P.,113,ITUANGO,13,ELECTRIFICADORA DEL META S.A. E.S.P.,PC,0,ANTIOQUI,13,META,0,735,0,0,0,0,0,0,0,0,0,93.83,0,0,0,0,52.27,0,99.33,0,0,24.07,120.21,0,0,75.31,0,0,0,0,0,0,0,0,0,94927.16,0,0,0,0,91653.58,0,97114.28,0,0,131030.56,103176.33,0,0,113760.97
12,ISAGEN S.A. E.S.P.,108,SOGAMOSO,13,ELECTRIFICADORA DEL META S.A. E.S.P.,PD,14,NORDESTE,13,META,0,735,0,0,0,0,0,0,0,0,0,0,99.35,0,0,0,0,100.52,0,0,0,0,0,0,0,0,0,0,0,0,0,0,0,0,0,0,107321.4,0,0,0,0,104910.17,0,0,0,0,0,0,0,0
2,EMGESA S.A E.S.P,107,ELQUIMBO,13,ELECTRIFICADORA DEL META S.A. E.S.P.,PC,10,HUILACAQ,13,META,0,735,0,0,0,0,0,0,0,0,0,0,0,102.9,0,44.09,0,0,0,0,0,0,0,0,0,0,0,0,0,0,0,0,0,0,0,0,0,110869.43,0,152613.63,0,0,0,0,0,0,0,0,0,0
12,ISAGEN S.A. E.S.P.,56,MIEL1,13,ELECTRIFICADORA DEL META S.A. E.S.P.,PC,11,LAMIEL,13,META,0,735,0,0,0,0,0,0,0,0,0,0,0,0,101.34,0,0,0,0,0,0,0,0,0,0,0,0,0,0,0,0,0,0,0,0,0,0,0,107604.1,0,0,0,0,0,0,0,0,0,0,0
27,GESTIÓN ENERGÉTICA S.A. E.S.P.,76,PAIPA3,13,ELECTRIFICADORA DEL META S.A. E.S.P.,PD,14,NORDESTE,13,META,0,735,0,0,0,0,0,0,0,0,0,0,0,0,0,56,0,0,0,0,0,0,0,0,0,0,0,0,0,0,0,0,0,0,0,0,0,0,0,123835,0,0,0,0,0,0,0,0,0,0
27,GESTIÓN ENERGÉTICA S.A. E.S.P.,75,PAIPA2,13,ELECTRIFICADORA DEL META S.A. E.S.P.,PC,14,NORDESTE,13,META,0,735,0,0,0,0,0,0,0,0,0,0,0,0,0,0,0,0,0,0,36.04,0,0,0,0,0,0,0,0,0,0,0,0,0,0,0,0,0,0,0,0,0,0,0,126354.04,0,0,0,0,0
35,HIDRALPOR,109,CARLOSLLERAS,13,ELECTRIFICADORA DEL META S.A. E.S.P.,PD,0,ANTIOQUI,13,META,0,735,0,0,0,0,0,0,0,0,0,0,0,0,0,0,0,0,0,0,62.4,0,0,0,0,0,0,0,0,0,0,0,0,0,0,0,0,0,0,0,0,0,0,0,154253.94,0,0,0,0,0
0,EMPRESA DE ENERGÍA DEL PACÍFICO S.A. E.S.P.,106,CUCUANA,13,ELECTRIFICADORA DEL META S.A. E.S.P.,PD,17,TOLIMA,13,META,0,735,0,0,0,0,0,0,0,0,0,0,0,0,0,0,0,0,0,0,0,48,0,0,0,0,0,0,0,0,0,0,0,0,0,0,0,0,0,0,0,0,0,0,0,121825.75,0,0,0,0
2,EMGESA S.A E.S.P,103,ZIPAEMG5,13,ELECTRIFICADORA DEL META S.A. E.S.P.,PC,2,BOGOTA,13,META,0,735,0,0,0,0,0,0,0,0,0,0,0,0,0,0,0,0,0,0,0,51.2,0,0,0,0,0,0,0,0,0,0,0,0,0,0,0,0,0,0,0,0,0,0,0,125405.86,0,0,0,0
2,EMGESA S.A E.S.P,30,GUAVIO,16,ISAGEN S.A. E.S.P.,PC,2,BOGOTA,16,SANCARLO,0,735,48.7,0,0,0,0,0,0,0,0,52.61,0,0,0,0,53.6,0,0,0,0,0,0,0,0,0,115888.68,0,0,0,0,0,0,0,0,107619.01,0,0,0,0,104673.07,0,0,0,0,0,0,0,0,0
27,GESTIÓN ENERGÉTICA S.A. E.S.P.,76,PAIPA3,16,ISAGEN S.A. E.S.P.,PC,14,NORDESTE,16,SANCARLO,0,735,0,49.98,0,0,0,0,0,0,0,0,0,0,0,0,0,0,0,0,0,0,0,0,0,0,0,131804.47,0,0,0,0,0,0,0,0,0,0,0,0,0,0,0,0,0,0,0,0,0,0
12,ISAGEN S.A. E.S.P.,108,SOGAMOSO,16,ISAGEN S.A. E.S.P.,PC,14,NORDESTE,16,SANCARLO,0,735,0,0,49.78,0,0,0,0,0,0,0,0,0,0,0,0,53.98,0,0,62.63,0,39.01,0,39.89,0,0,0,106239.68,0,0,0,0,0,0,0,0,0,0,0,0,114594.15,0,0,119828.16,0,123012.75,0,89873.78,0
33,EMPRESA URRÁ S.A. E.S.P.,98,URRA,16,ISAGEN S.A. E.S.P.,PD,5,CERROMAT,16,SANCARLO,0,735,0,0,0,50.42,0,0,0,0,0,0,0,0,0,0,0,0,0,0,0,0,0,0,0,0,0,0,0,86198.81,0,0,0,0,0,0,0,0,0,0,0,0,0,0,0,0,0,0,0,0
11,EMPRESAS PÚBLICAS DE MEDELLÍN E.S.P.,79,PORCE2,16,ISAGEN S.A. E.S.P.,PC,0,ANTIOQUI,16,SANCARLO,0,735,0,0,0,0,17.71,0,0,0,0,0,0,0,0,0,0,0,0,0,0,0,0,0,0,50.25,0,0,0,0,81299.25,0,0,0,0,0,0,0,0,0,0,0,0,0,0,0,0,0,0,102927.4
38,HIDROELÉCTRICA PESCADERO ITUANGO S.A. E.S.P.,113,ITUANGO,16,ISAGEN S.A. E.S.P.,PC,0,ANTIOQUI,16,SANCARLO,0,735,0,0,0,0,33.81,51.67,0,0,0,0,52.17,0,52.99,0,0,0,0,0,0,60.71,0,54.04,0,0,0,0,0,0,100734.42,100556.72,0,0,0,0,90807.69,0,91314.31,0,0,0,0,0,0,156003.19,0,101316.36,0,0
0,EMPRESA DE ENERGÍA DEL PACÍFICO S.A. E.S.P.,0,ALBAN,16,ISAGEN S.A. E.S.P.,PC,18,VALLECAU,16,SANCARLO,0,735,0,0,0,0,0,0,51.18,52.28,0,0,0,0,0,0,0,0,0,55.6,0,0,0,0,0,0,0,0,0,0,0,0,97773.78,92132.47,0,0,0,0,0,0,0,0,0,93600.71,0,0,0,0,0,0
12,ISAGEN S.A. E.S.P.,56,MIEL1,16,ISAGEN S.A. E.S.P.,PD,11,LAMIEL,16,SANCARLO,0,735,0,0,0,0,0,0,0,0,52.84,0,0,0,0,0,0,0,0,0,0,0,0,0,0,0,0,0,0,0,0,0,0,0,116792.1,0,0,0,0,0,0,0,0,0,0,0,0,0,0,0
2,EMGESA S.A E.S.P,107,ELQUIMBO,16,ISAGEN S.A. E.S.P.,PD,10,HUILACAQ,16,SANCARLO,0,735,0,0,0,0,0,0,0,0,0,0,0,52.7,0,53.39,0,0,54.11,0,0,0,0,0,0,0,0,0,0,0,0,0,0,0,0,0,0,111813.74,0,95246.98,0,0,102532.51,0,0,0,0,0,0,0
27,GESTIÓN ENERGÉTICA S.A. E.S.P.,77,PAIPA4,16,ISAGEN S.A. E.S.P.,PD,14,NORDESTE,16,SANCARLO,0,735,0,0,0,0,0,0,0,0,0,0,0,0,0,0,0,0,0,0,0,0,20.32,0,0,0,0,0,0,0,0,0,0,0,0,0,0,0,0,0,0,0,0,0,0,0,103072.26,0,0,0
11,EMPRESAS PÚBLICAS DE MEDELLÍN E.S.P.,29,GUATRON,16,ISAGEN S.A. E.S.P.,PD,0,ANTIOQUI,16,SANCARLO,0,735,0,0,0,0,0,0,0,0,0,0,0,0,0,0,0,0,0,0,0,0,0,0,11.68,0,0,0,0,0,0,0,0,0,0,0,0,0,0,0,0,0,0,0,0,0,0,0,103235.99,0
38,HIDROELÉCTRICA PESCADERO ITUANGO S.A. E.S.P.,113,ITUANGO,19,ELECTRIFICADORA DE SANTANDER S.A.,PC,0,ANTIOQUI,19,COROZO,0,735,0,0,0,0,0,0,0,0,4.56,6.24,0,0,0,0,0,0,0,0,0,17.36,0,0,0,0.1,0,0,0,0,0,0,0,0,109919.46,90578.74,0,0,0,0,0,0,0,0,0,125985.28,0,0,0,106309.83
0,EMPRESA DE ENERGÍA DEL PACÍFICO S.A. E.S.P.,106,CUCUANA,19,ELECTRIFICADORA DE SANTANDER S.A.,PC,17,TOLIMA,19,COROZO,0,735,0,0,0,0,0,0,0,0,0,0,6.95,0,0,0,0,0,0,0,0,0,0,0,0,0,0,0,0,0,0,0,0,0,0,0,121351.95,0,0,0,0,0,0,0,0,0,0,0,0,0
12,ISAGEN S.A. E.S.P.,108,SOGAMOSO,19,ELECTRIFICADORA DE SANTANDER S.A.,PD,14,NORDESTE,19,COROZO,0,735,0,0,0,0,0,0,0,0,0,0,0,14.42,0,0,0,0,0,0,0,0,0,17.69,0,0,0,0,0,0,0,0,0,0,0,0,0,107026.78,0,0,0,0,0,0,0,0,0,92461.98,0,0
2,EMGESA S.A E.S.P,30,GUAVIO,19,ELECTRIFICADORA DE SANTANDER S.A.,PD,2,BOGOTA,19,COROZO,0,735,0,0,0,0,0,0,0,0,0,0,0,0,14.61,0,0,0,14.41,0,17.4,0,0,0,0,0,0,0,0,0,0,0,0,0,0,0,0,0,103909.81,0,0,0,97993.75,0,105838.28,0,0,0,0,0
2,EMGESA S.A E.S.P,107,ELQUIMBO,19,ELECTRIFICADORA DE SANTANDER S.A.,PC,10,HUILACAQ,19,COROZO,0,735,0,0,0,0,0,0,0,0,0,0,0,0,0,14.53,0,0,0,0,0,0,0,0,0,0,0,0,0,0,0,0,0,0,0,0,0,0,0,119771.45,0,0,0,0,0,0,0,0,0,0
11,EMPRESAS PÚBLICAS DE MEDELLÍN E.S.P.,29,GUATRON,19,ELECTRIFICADORA DE SANTANDER S.A.,PD,0,ANTIOQUI,19,COROZO,0,735,0,0,0,0,0,0,0,0,0,0,0,0,0,0,14.37,0,0,0,0,0,0,0,17.65,0,0,0,0,0,0,0,0,0,0,0,0,0,0,0,83326.23,0,0,0,0,0,0,0,97755.86,0
12,ISAGEN S.A. E.S.P.,56,MIEL1,19,ELECTRIFICADORA DE SANTANDER S.A.,PD,11,LAMIEL,19,COROZO,0,735,0,0,0,0,0,0,0,0,0,0,0,0,0,0,0,14.37,0,0,0,0,0,0,0,0,0,0,0,0,0,0,0,0,0,0,0,0,0,0,0,113228.26,0,0,0,0,0,0,0,0
12,ISAGEN S.A. E.S.P.,104,AMOYA,19,ELECTRIFICADORA DE SANTANDER S.A.,PC,17,TOLIMA,19,COROZO,0,735,0,0,0,0,0,0,0,0,0,0,0,0,0,0,0,0,0,17.45,0,0,0,0,0,0,0,0,0,0,0,0,0,0,0,0,0,0,0,0,0,0,0,93367.38,0,0,0,0,0,0
27,GESTIÓN ENERGÉTICA S.A. E.S.P.,75,PAIPA2,19,ELECTRIFICADORA DE SANTANDER S.A.,PD,14,NORDESTE,19,COROZO,0,735,0,0,0,0,0,0,0,0,0,0,0,0,0,0,0,0,0,0,0,0,17.4,0,0,0,0,0,0,0,0,0,0,0,0,0,0,0,0,0,0,0,0,0,0,0,124706.3,0,0,0
2,EMGESA S.A E.S.P,107,ELQUIMBO,20,ISAGEN S.A. E.S.P.,PD,10,HUILACAQ,20,CUATRICENTENARIO,0,735,0.22,0,0,0,0,0,0,0,0,0,0,11.1,0,0,0,0,0,0,0,0,0,0,14.02,0,94334.48,0,0,0,0,0,0,0,0,0,0,103961.9,0,0,0,0,0,0,0,0,0,0,89820.08,0
33,EMPRESA URRÁ S.A. E.S.P.,98,URRA,20,ISAGEN S.A. E.S.P.,PD,5,CERROMAT,20,CUATRICENTENARIO,0,735,0,0.22,0,0,0,0,0.22,0,0,0,0,0,0,0,0,0,0,13.81,0,0,0,0,0,0,0,104542.56,0,0,0,0,92834.48,0,0,0,0,0,0,0,0,0,0,98848.05,0,0,0,0,0,0
12,ISAGEN S.A. E.S.P.,86,SANCARLOS,20,ISAGEN S.A. E.S.P.,PD,16,SANCARLO,20,CUATRICENTENARIO,0,735,0,0,0.22,0,0,0,0,0,0,0,0,0,0,0,0,0,0,0,0,0,0,0,0,0,0,0,86312.2,0,0,0,0,0,0,0,0,0,0,0,0,0,0,0,0,0,0,0,0,0
38,HIDROELÉCTRICA PESCADERO ITUANGO S.A. E.S.P.,113,ITUANGO,20,ISAGEN S.A. E.S.P.,PC,0,ANTIOQUI,20,CUATRICENTENARIO,0,735,0,0,0,0.22,0,0,0,0,0,2.49,0,0,0,0,0,0,0,0,0,0,0,0,0,0,0,0,0,121105.1,0,0,0,0,0,129040.72,0,0,0,0,0,0,0,0,0,0,0,0,0,0
2,EMGESA S.A E.S.P,30,GUAVIO,20,ISAGEN S.A. E.S.P.,PD,2,BOGOTA,20,CUATRICENTENARIO,0,735,0,0,0,0,0.22,0,0,0,0,0,7.1,0,0,0,0,0,11.28,0,0,13.9,0,0,0,0,0,0,0,0,99558.11,0,0,0,0,0,106187.7,0,0,0,0,0,100973.3,0,0,94427.04,0,0,0,0
0,EMPRESA DE ENERGÍA DEL PACÍFICO S.A. E.S.P.,0,ALBAN,20,ISAGEN S.A. E.S.P.,PC,18,VALLECAU,20,CUATRICENTENARIO,0,735,0,0,0,0,0,0.22,0,0,0,0,0,0,0,0,0,0,0,0,0,0,0,0,0,0,0,0,0,0,0,94495.02,0,0,0,0,0,0,0,0,0,0,0,0,0,0,0,0,0,0
2,EMGESA S.A E.S.P,103,ZIPAEMG5,20,ISAGEN S.A. E.S.P.,PD,2,BOGOTA,20,CUATRICENTENARIO,0,735,0,0,0,0,0,0,0,0.22,0,0,0,0,0,11.52,0,0,0,0,0,0,0,0,0,0,0,0,0,0,0,0,0,124676.29,0,0,0,0,0,117428.52,0,0,0,0,0,0,0,0,0,0
11,EMPRESAS PÚBLICAS DE MEDELLÍN E.S.P.,79,PORCE2,20,ISAGEN S.A. E.S.P.,PD,0,ANTIOQUI,20,CUATRICENTENARIO,0,735,0,0,0,0,0,0,0,0,0.3,0,0,0,0,0,0,0,0,0,0,0,0,0,0,1.21,0,0,0,0,0,0,0,0,83940.87,0,0,0,0,0,0,0,0,0,0,0,0,0,0,105027.31
27,GESTIÓN ENERGÉTICA S.A. E.S.P.,76,PAIPA3,20,ISAGEN S.A. E.S.P.,PD,14,NORDESTE,20,CUATRICENTENARIO,0,735,0,0,0,0,0,0,0,0,0,0,0,0,11.53,0,0,0,0,0,0,0,0,0,0,0,0,0,0,0,0,0,0,0,0,0,0,0,120425.57,0,0,0,0,0,0,0,0,0,0,0
11,EMPRESAS PÚBLICAS DE MEDELLÍN E.S.P.,29,GUATRON,20,ISAGEN S.A. E.S.P.,PD,0,ANTIOQUI,20,CUATRICENTENARIO,0,735,0,0,0,0,0,0,0,0,0,0,0,0,0,0,11.56,0,0,0,0,0,0,0,0,0,0,0,0,0,0,0,0,0,0,0,0,0,0,0,114152.82,0,0,0,0,0,0,0,0,0
12,ISAGEN S.A. E.S.P.,108,SOGAMOSO,20,ISAGEN S.A. E.S.P.,PC,14,NORDESTE,20,CUATRICENTENARIO,0,735,0,0,0,0,0,0,0,0,0,0,0,0,0,0,0,11.61,0,0,0,0,13.99,0,0,0,0,0,0,0,0,0,0,0,0,0,0,0,0,0,0,117805.18,0,0,0,0,90234.92,0,0,0
12,ISAGEN S.A. E.S.P.,56,MIEL1,20,ISAGEN S.A. E.S.P.,PC,11,LAMIEL,20,CUATRICENTENARIO,0,735,0,0,0,0,0,0,0,0,0,0,0,0,0,0,0,0,0,0,13.9,0,0,13.87,0,0,0,0,0,0,0,0,0,0,0,0,0,0,0,0,0,0,0,0,130719.16,0,0,138922.43,0,0
